"movieID","nb.Ratings","mean","sd","max","min","med"
242,117,3.99,1,5,1,4
302,297,4.16,0.85,5,1,4
377,13,2.15,1.07,4,1,2
51,81,3.46,1.16,5,1,4
346,126,3.64,1.08,5,1,4
474,194,4.25,0.85,5,2,4
265,227,3.86,0.89,5,1,4
465,85,3.56,1.06,5,1,4
451,170,3.35,1.23,5,1,4
86,150,3.94,0.98,5,1,4
257,303,3.75,0.92,5,1,4
1014,98,3.06,1.03,5,1,3
222,365,3.66,0.93,5,1,4
40,57,2.89,1.11,5,1,3
29,114,2.67,1.03,5,1,3
785,39,3.15,0.99,5,1,3
387,65,3.38,1.01,5,1,3
274,190,3.5,0.96,5,1,4
1042,28,3.14,1.08,5,1,3
1184,10,2.5,1.27,5,1,3
392,68,3.54,1.01,5,1,4
486,64,3.8,0.88,5,1,4
144,243,3.87,0.94,5,1,4
118,293,3.22,1.11,5,1,3
1,452,3.88,0.93,5,1,4
546,254,3.03,1.01,5,1,3
95,219,3.81,0.91,5,1,4
768,52,3.08,1.03,5,1,3
277,71,3.46,1.08,5,1,4
234,280,3.77,0.99,5,1,4
246,124,3.94,1.02,5,1,4
98,390,4.29,0.84,5,1,4
193,157,3.92,0.77,5,2,4
88,213,3.54,1.01,5,1,4
194,241,4.06,0.83,5,1,4
1081,8,2.75,1.16,4,1,3
603,209,4.39,0.71,5,2,5
796,36,3.08,1,5,1,3
32,81,3.79,1.06,5,1,4
16,39,3.21,1.03,5,1,3
304,149,3.54,0.95,5,1,4
979,35,3.2,0.99,5,1,3
564,27,2.04,1.06,4,1,2
327,175,3.38,1.08,5,1,3
201,89,3.52,1.18,5,1,4
1137,29,3.97,1.05,5,1,4
241,128,3.55,1.06,5,1,4
4,209,3.55,0.97,5,1,4
332,143,3.46,0.96,5,1,4
100,508,4.16,0.98,5,1,4
432,174,3.77,1.11,5,1,4
322,218,3.09,0.98,5,1,3
181,507,4.01,0.92,5,1,4
196,251,3.92,0.9,5,1,4
679,107,3.05,1.04,5,1,3
384,69,2.78,1.01,5,1,3
143,222,3.77,1.16,5,1,4
423,300,3.83,1.04,5,1,4
515,201,4.2,0.9,5,1,4
20,72,3.42,1.23,5,1,4
288,478,3.44,1.11,5,1,4
219,111,3.17,1.31,5,1,3
526,124,3.83,0.95,5,1,4
919,96,3.79,1.2,5,1,4
26,73,3.45,0.9,5,1,3
232,101,3.21,0.89,5,1,3
427,219,4.29,0.74,5,1,4
512,57,4,1.12,5,1,4
15,293,3.78,0.98,5,1,4
1049,25,2.52,0.96,4,1,3
416,64,3.48,1.07,5,1,3.5
165,64,4.11,0.86,5,1,4
690,155,3.46,1.07,5,1,4
248,160,3.67,0.94,5,1,4
1444,19,2.47,0.96,4,1,3
5,86,3.3,0.95,5,1,3
229,171,3.11,0.96,5,1,3
237,384,3.71,0.94,5,1,4
480,179,4.28,0.71,5,2,4
54,104,3.24,0.83,5,1,3
366,47,3.34,1.01,5,1,3
518,89,3.65,1.02,5,1,4
403,201,3.43,0.95,5,1,4
111,272,3.49,0.96,5,1,4
625,82,3.33,0.75,5,1,3
338,91,2.66,1.19,5,1,3
25,293,3.44,1.03,5,1,4
1016,137,3.46,1.04,5,1,3
154,174,3.75,0.98,5,1,4
275,268,4.01,0.9,5,1,4
1153,19,3.47,0.96,5,2,3
498,152,4.18,0.76,5,2,4
382,111,3.59,1.03,5,1,4
209,191,3.91,1.01,5,1,4
23,182,4.12,0.85,5,2,4
294,485,3.16,1.1,5,1,3
208,200,3.94,0.9,5,2,4
685,157,3.36,0.91,5,1,3
328,295,3.42,1.02,5,1,4
496,231,4.12,0.99,5,1,4
132,246,4.08,0.96,5,1,4
174,420,4.25,0.89,5,1,4
96,295,4.01,0.98,5,1,4
151,326,3.63,1.1,5,1,4
307,188,3.52,0.98,5,1,4
648,67,4.03,0.83,5,1,4
21,84,2.76,1.05,5,1,3
832,22,2.55,1.1,5,1,3
514,180,3.91,1.06,5,1,4
789,47,3.57,0.99,5,1,4
485,125,3.82,1.05,5,1,4
317,102,3.91,0.86,5,1,4
195,301,3.93,0.97,5,1,4
200,206,3.83,1.01,5,1,4
385,208,3.56,1.07,5,1,4
750,124,3.85,1.06,5,1,4
264,101,2.74,0.91,5,1,3
245,240,3.11,0.98,5,1,3
135,259,3.97,1.03,5,1,4
1147,21,3.67,0.86,5,1,4
471,221,3.61,0.86,5,1,4
658,79,3.42,1.05,5,1,3
140,61,3.21,1.13,5,1,3
379,43,2.98,1.2,5,1,3
815,112,3.23,0.89,5,1,3
479,179,4.25,0.69,5,2,4
368,31,1.9,1.11,5,1,1
1211,12,3.42,0.79,5,2,3
1134,38,3.32,1.16,5,1,3
836,26,3.77,0.99,5,2,4
272,198,4.26,0.83,5,2,4
756,128,2.9,1.03,5,1,3
787,13,3.23,0.93,5,2,3
14,183,3.97,1,5,1,4
955,49,3.41,1.14,5,1,4
419,178,3.72,0.99,5,1,4
405,344,3.31,0.98,5,1,3
504,122,3.82,0.95,5,1,4
466,52,3.6,1.05,5,1,4
268,255,3.79,1.07,5,1,4
117,378,3.69,0.98,5,1,4
273,223,3.57,1.01,5,1,4
559,137,3.18,1.07,5,1,3
794,46,3.65,0.9,5,1,4
323,240,2.93,1.1,5,1,3
177,137,3.86,0.91,5,1,4
231,142,2.68,0.98,5,1,3
2,131,3.21,0.97,5,1,3
137,171,3.9,1.05,5,1,4
1336,10,1.8,0.92,3,1,1.5
164,151,3.59,0.91,5,1,4
281,146,3.14,0.89,5,1,3
1240,26,3.65,1.32,5,1,4
298,194,3.77,0.96,5,1,4
443,162,3.81,0.87,5,1,4
1035,68,3.16,0.94,5,1,3
79,336,4.04,0.8,5,1,4
258,509,3.8,0.99,5,1,4
455,145,3.26,1.07,5,1,3
755,96,3.31,0.91,5,1,3
673,86,3.52,0.89,5,1,4
172,367,4.2,0.92,5,1,4
1217,39,2.87,1.13,5,1,3
719,29,2.41,1.05,4,1,3
1267,33,3,0.9,4,1,3
930,80,2.7,1.01,5,1,3
216,290,3.91,0.89,5,1,4
1079,45,2.24,1.15,5,1,2
452,66,2.67,1.09,5,1,3
61,59,3.86,0.97,5,1,4
48,117,4.09,0.97,5,1,4
360,10,3.2,1.48,5,1,3.5
77,151,3.28,0.95,5,1,3
476,160,3.02,1.1,5,1,3
483,243,4.46,0.73,5,1,5
748,316,3.12,1.14,5,1,3
220,66,3.36,1.15,5,1,3
255,172,3.36,1.09,5,1,3
280,85,3.19,1.07,5,1,3
202,280,3.76,0.94,5,1,4
408,112,4.49,0.77,5,1,5
235,217,2.85,1.17,5,1,3
228,244,3.82,0.96,5,1,4
1098,42,3.69,0.9,5,1,4
347,137,3.51,1.07,5,1,4
178,125,4.34,0.72,5,2,4
478,104,4.12,0.84,5,2,4
688,44,1.84,1.08,5,1,1
10,89,3.83,1.01,5,1,4
127,413,4.28,0.93,5,1,5
106,71,2.89,1.01,5,1,3
69,321,3.85,1.08,5,1,4
944,43,3,1.09,5,1,3
790,66,2.91,1.06,5,1,3
1091,43,2.72,0.98,4,1,3
214,114,3.35,1.16,5,1,3
1028,148,3.04,1.09,5,1,3
554,102,2.8,1.08,5,1,3
109,130,3.43,1.09,5,1,4
171,65,3.88,1.01,5,1,4
318,298,4.47,0.83,5,1,5
568,230,3.65,0.97,5,1,4
842,27,3.15,1.1,5,1,3
65,115,3.54,0.96,5,1,4
591,178,3.6,0.85,5,1,4
401,76,2.8,1.13,5,1,3
339,47,3.26,1.11,5,1,3
746,119,3.66,0.92,5,1,4
68,134,3.42,1.11,5,1,4
7,392,3.8,0.98,5,1,4
1018,32,3.19,0.86,5,1,3
218,171,3.46,0.91,5,1,3
623,39,2.92,1.09,5,1,3
334,64,3.36,1.16,5,1,3
344,55,3.65,1.13,5,1,4
145,65,2.45,1.09,5,1,3
56,394,4.06,1.15,5,1,4
89,275,4.14,0.91,5,1,4
141,72,3.5,0.73,5,2,4
576,93,3.02,1.02,5,1,3
133,171,3.87,1.07,5,1,4
153,247,3.79,0.95,5,1,4
813,56,3.89,1.02,5,1,4
872,42,3.1,1.28,5,1,3
146,10,2.5,1.18,4,1,3
507,98,3.82,0.98,5,1,4
367,170,3.46,0.92,5,1,4
468,64,3.31,1.07,5,1,3
595,64,3.09,0.99,5,1,3
11,236,3.85,1.07,5,1,4
520,124,4.1,0.85,5,2,4
82,261,3.72,1.01,5,1,4
501,123,3.5,1,5,1,3
3,90,3.03,1.21,5,1,3
695,13,2.92,1.26,5,1,3
198,127,4.01,0.88,5,1,4
189,66,4.11,0.91,5,1,4
767,11,2.18,1.33,4,1,2
705,137,3.99,0.99,5,1,4
64,283,4.45,0.77,5,1,5
357,264,4.29,0.84,5,1,4
484,138,4.21,0.76,5,2,4
508,215,3.6,0.97,5,1,4
303,134,3.69,0.97,5,1,4
215,212,3.7,1.03,5,1,4
749,51,3.18,1.07,5,1,3
829,34,2.65,1.01,5,1,3
204,350,3.83,0.91,5,1,4
1295,7,2.57,1.4,5,1,3
33,97,3.45,1.06,5,1,4
160,69,3.46,1.08,5,1,4
321,169,3.13,1.04,5,1,3
343,124,3.1,1.15,5,1,3
227,161,3.28,1.05,5,1,3
191,276,4.16,0.82,5,1,4
903,18,3.11,1.02,5,1,3
183,291,4.03,0.93,5,1,4
724,76,3.49,0.96,5,1,4
430,93,4,0.99,5,1,4
1197,45,3.56,0.81,5,1,4
134,198,4.29,0.85,5,2,5
751,180,3.43,0.92,5,1,3
212,92,3.46,1.24,5,1,4
256,16,3.56,1.09,5,1,4
662,82,3.43,0.97,5,1,3
984,44,2.86,1.29,5,1,3
1067,44,3.45,1.11,5,1,4
410,162,3.13,1.22,5,1,3
879,136,3.27,1.01,5,1,3
271,211,3.23,1.17,5,1,3
1086,21,3.29,1.15,5,1,3
649,50,3.4,0.9,5,1,3
951,39,2.82,1.1,5,1,3
197,239,4.1,0.92,5,1,4
678,219,2.81,1.02,5,1,3
199,165,4.18,0.83,5,1,4
709,104,4.03,0.9,5,1,4
169,118,4.47,0.82,5,1,5
597,206,3.15,0.98,5,1,3
1393,9,2.11,0.78,3,1,2
333,251,3.59,1.04,5,1,4
1115,29,3.41,0.91,5,1,4
577,41,2.22,0.99,4,1,2
378,101,3.72,1.09,5,1,4
425,85,3.74,0.99,5,1,4
959,64,3.47,1.1,5,1,4
1224,12,2.67,0.89,4,1,3
1017,50,3.24,1.02,5,1,3
175,208,3.82,1.11,5,1,4
286,481,3.66,1.17,5,1,4
558,70,3.67,1.1,5,1,4
66,162,3.55,0.93,5,1,4
206,50,3.38,1.12,5,1,4
402,170,3.46,1.01,5,1,4
640,82,3.02,1.32,5,1,3
522,35,3.77,1.14,5,1,4
62,127,3.14,1.01,5,1,3
12,267,4.39,0.83,5,1,5
291,127,3.37,0.95,5,1,3
462,148,3.8,0.91,5,1,4
612,34,3.94,0.81,5,2,4
758,21,1.71,0.9,4,1,1
845,176,3.47,0.98,5,1,3
163,92,3.55,0.94,5,1,4
1451,15,3.87,0.74,5,3,4
250,197,3.48,1.11,5,1,4
823,82,2.88,0.89,5,1,3
186,251,3.84,0.93,5,1,4
731,39,3.15,0.84,5,1,3
71,220,3.78,0.98,5,1,4
781,84,3.33,0.97,5,1,3
176,284,3.95,0.93,5,1,4
1181,10,2.5,1.08,4,1,2.5
78,33,2.45,1.12,5,1,2
436,99,3.54,0.92,5,1,4
631,119,3.62,1.03,5,1,4
716,58,3.16,1.23,5,1,3
188,170,3.68,0.95,5,1,4
699,102,3.68,0.96,5,1,4
604,81,4.01,0.78,5,2,4
97,256,3.79,1.04,5,1,4
173,324,4.17,1,5,1,4
460,28,3,1.09,5,1,3
715,87,3.28,1.17,5,1,3
17,92,3.12,1.18,5,1,3
315,160,4.1,0.86,5,1,4
505,68,4,0.75,5,2,4
279,28,3.29,1.12,5,1,3.5
80,68,2.76,0.99,5,1,3
238,256,3.88,1.01,5,1,4
60,64,4.02,1.06,5,1,4
325,128,2.55,1.3,5,1,2
407,43,2.51,1.01,5,1,2
531,129,3.92,0.92,5,1,4
587,14,3.57,0.51,4,3,4
892,53,2.75,1.05,5,1,3
1047,134,2.84,1.01,5,1,3
47,133,3.6,1.07,5,1,4
217,120,3.16,1.08,5,1,3
259,162,2.69,1.14,5,1,3
596,127,3.38,1,5,1,3
960,25,3.24,1.3,5,1,4
211,206,3.91,0.92,5,1,4
938,25,2.88,1.09,5,1,3
1060,39,3.05,1.15,5,1,3
404,101,3.67,0.88,5,1,4
305,87,3.64,1.01,5,1,4
210,331,3.93,0.88,5,1,4
278,60,3.23,1.16,5,1,3
770,57,3.39,0.94,5,1,4
252,158,2.94,1.05,5,1,3
156,148,3.99,0.98,5,1,4
1110,41,2.85,1.2,5,1,3
350,41,3.15,1.22,5,1,3
431,153,3.54,1.08,5,1,4
475,250,3.88,1.08,5,1,4
182,226,3.95,0.96,5,1,4
50,583,4.36,0.88,5,1,5
365,48,3.21,1.13,5,1,3
187,209,4.19,0.92,5,1,4
289,259,2.98,1.23,5,1,3
185,239,4.1,0.92,5,1,4
712,51,3.08,0.77,5,1,3
94,137,3.09,1.04,5,1,3
742,267,3.64,0.95,5,1,4
762,115,3.39,0.96,5,1,3
732,180,3.65,0.88,5,1,4
168,316,4.07,0.99,5,1,4
550,151,3.28,1.02,5,1,3
849,53,2.72,1.03,5,1,3
406,49,2.45,0.98,4,1,3
150,157,3.83,1.06,5,1,4
869,24,3,1.06,5,1,3
184,116,3.43,1.18,5,1,4
371,67,3.16,1.3,5,1,3
720,86,3.02,1.12,5,1,3
873,81,2.96,1.05,5,1,3
381,100,3.55,1.02,5,1,4
922,34,3.82,1.14,5,1,4
57,40,4,1.15,5,1,4
306,96,3.95,0.92,5,1,4
370,39,2.82,1.17,5,1,3
249,130,3.25,1.13,5,1,3
721,54,3.44,1.14,5,1,3.5
611,40,4.1,0.87,5,2,4
142,57,3.07,1.02,5,1,3
943,40,3.48,0.91,5,1,4
126,97,3.8,1.06,5,1,4
824,49,2.76,1.03,4,1,3
8,219,4,1,5,1,4
58,175,3.65,0.84,5,1,4
680,34,2.56,1.46,5,1,2.5
741,58,3.45,1.17,5,1,4
1061,29,2.93,1.13,5,1,3
448,85,3.39,0.98,5,1,3
900,42,3.69,1,5,1,4
941,46,3.07,1.14,5,1,3
905,27,3.22,0.93,5,1,3
1497,2,3,1.41,4,2,3
55,149,3.7,1.02,5,1,4
744,92,3.46,0.95,5,1,3
642,89,3.48,0.99,5,1,4
1015,12,2.83,1.34,5,1,3
121,429,3.44,1.12,5,1,4
301,230,3.3,1.1,5,1,3.5
81,110,3.55,1.12,5,1,4
284,193,3.16,1.04,5,1,3
740,63,3.48,1.13,5,1,4
22,297,4.15,0.96,5,1,4
864,86,3.16,0.92,5,1,3
1099,13,3.46,1.39,5,1,4
961,34,3.62,1.21,5,1,4
812,18,3.11,1.08,5,1,3
240,156,2.79,1.26,5,1,3
376,24,2.83,0.76,5,2,3
931,57,2.16,0.9,4,1,2
717,82,2.82,1.15,5,1,3
399,89,3.3,0.93,5,1,3
1039,90,4.01,0.85,5,2,4
1114,10,3.3,1.34,5,1,3.5
292,114,3.67,0.98,5,1,4
561,59,3.07,1.1,5,1,3
901,12,1.92,1.51,5,1,1
70,251,3.66,0.89,5,1,4
417,73,3.1,1.02,5,1,3
809,43,2.91,1,5,1,3
540,43,2.51,0.86,4,1,3
293,147,3.8,0.82,5,1,4
497,68,3.84,0.97,5,2,4
1462,7,3.71,0.95,5,3,3
1246,7,1.57,0.79,3,1,1
655,227,3.88,0.85,5,1,4
13,184,3.42,1.03,5,1,4
588,202,3.79,0.98,5,1,4
409,70,3.14,0.98,5,1,3
739,164,3.32,1.09,5,1,3
661,88,4.1,0.82,5,2,4
665,100,2.83,1.1,5,1,3
692,164,3.63,0.95,5,1,4
439,5,1,0,1,1,1
632,58,3.9,0.93,5,2,4
1198,7,3.14,1.21,5,1,3
609,60,3.58,0.79,5,2,4
225,109,2.91,1.08,5,1,3
128,65,3.54,1.03,5,1,4
866,119,3.32,1.15,5,1,3
295,77,3.4,1,5,1,3
49,81,3.32,0.89,5,1,3
626,4,3.25,1.71,5,1,3.5
707,70,3.93,1.04,5,1,4
586,34,2.68,0.91,4,1,3
593,12,3.17,1.59,5,1,3.5
147,185,3.47,1.07,5,1,4
1220,30,3.33,1.18,5,1,3
492,59,3.86,0.82,5,2,4
620,43,3.09,0.75,4,2,3
161,220,3.48,1.04,5,1,4
1070,27,3.74,1.02,5,1,4
449,117,3.03,1.07,5,1,3
948,48,2.17,1.1,4,1,2
509,121,3.85,0.92,5,1,4
870,9,2.78,0.67,4,2,3
39,87,3.26,1.03,5,1,3
1100,8,2.62,1.06,4,1,2.5
820,93,2.77,1,5,1,3
660,153,3.76,0.97,5,1,4
1022,32,3.44,1.37,5,1,4
120,67,2.24,1.1,5,1,2
780,69,3,1.22,5,1,3
44,79,3.34,1.01,5,1,3
686,50,3.68,0.94,5,2,4
28,276,3.93,0.81,5,2,4
729,81,3.48,0.92,5,1,4
52,91,3.77,0.91,5,1,4
230,199,3.45,1.03,5,1,3
506,90,3.86,0.95,5,2,4
566,179,3.57,0.85,5,1,4
774,32,2.94,1.29,5,1,3
1003,8,2.25,1.04,4,1,2
433,171,3.69,1,5,1,4
99,172,3.71,0.9,5,1,4
1288,7,3,1.41,4,1,4
190,124,4.14,0.9,5,1,4
1010,44,3.25,1.14,5,1,3
877,52,2.54,1.13,5,1,2
487,68,4.1,0.83,5,2,4
1052,25,2.28,1.17,5,1,2
287,78,3.59,0.9,5,1,4
659,115,4.08,0.86,5,1,4
927,6,3.17,1.17,4,1,3.5
696,79,3.14,0.84,5,1,3
269,315,3.93,0.95,5,1,4
179,221,3.91,1.16,5,1,4
440,14,1.64,1.01,4,1,1
806,50,3.46,0.93,5,1,4
572,29,2.76,0.95,5,1,3
654,147,4.14,0.98,5,1,4
324,125,3.14,1.3,5,1,3
736,78,3.94,0.93,5,1,4
92,104,3.62,0.99,5,1,4
461,74,3.62,0.81,5,2,4
129,129,3.82,0.95,5,1,4
9,299,3.9,1.04,5,1,4
152,82,3.63,1,5,1,4
233,124,3.29,0.99,5,1,3
589,43,4.02,0.91,5,2,4
203,182,3.87,0.91,5,1,4
1034,27,2.52,1.16,5,1,2
923,58,4.16,0.87,5,2,4
463,71,3.86,1,5,1,4
122,106,2.34,1.11,5,1,2
310,145,3.6,0.89,5,1,4
285,162,4.27,0.87,5,1,4
447,121,3.5,0.98,5,1,4
412,93,2.4,1.13,5,1,2
1428,12,3.67,0.78,5,3,3.5
977,49,2.69,1.02,5,1,3
1065,53,3.49,1.37,5,1,4
421,106,3.59,1.17,5,1,4
937,37,3.41,1.07,5,1,4
583,37,3,1.18,5,1,3
110,31,2.52,1.12,5,1,3
251,46,4.26,1,5,1,5
831,91,2.46,1.09,5,1,2
543,21,3.62,1.2,5,1,4
926,101,2.7,1.06,5,1,3
155,98,3.1,1.14,5,1,3
53,128,2.95,1.33,5,1,3
393,192,3.41,0.97,5,1,4
91,143,3.59,1.09,5,1,4
477,95,3.21,1.18,5,1,3
472,158,3.08,1.1,5,1,3
761,44,3.05,1.03,5,1,3
1286,17,3.71,1.1,5,2,4
93,112,3.72,1.07,5,1,4
644,35,3.77,1,5,1,4
982,20,2.8,1.2,5,1,3
491,67,3.79,0.84,5,2,4
511,173,4.23,0.87,5,2,4
397,12,2.58,1,4,1,3
162,106,3.56,1.01,5,1,3
513,72,4.33,0.79,5,1,4
375,23,1.96,1.15,5,1,2
38,120,3.01,1.02,5,1,3
418,129,3.58,0.9,5,1,4
858,3,1,0,1,1,1
131,95,3.73,1.04,5,1,4
87,138,3.91,0.95,5,1,4
725,16,2.75,0.93,4,1,3
72,129,3.19,0.98,5,1,3
663,116,3.91,1.06,5,1,4
1133,30,2.97,0.89,5,1,3
125,244,3.56,0.97,5,1,4
1248,19,3,0.75,4,1,3
354,72,3.49,0.98,5,1,4
105,74,2.57,0.97,5,1,3
73,128,3.47,0.85,5,1,3
239,150,3.51,0.9,5,1,3
860,16,2.25,1.18,5,1,2
1046,46,3.17,0.9,5,1,3
1178,19,2.47,1.02,4,1,3
523,164,3.99,0.79,5,2,4
634,24,3.75,1.22,5,1,4
1245,19,3.21,1.32,5,1,3
974,32,3.03,1.06,5,1,3
619,64,3.17,0.85,5,1,3
107,42,3.5,1.13,5,1,4
213,134,3.99,0.91,5,2,4
319,168,3.27,1.12,5,1,3
963,41,4.29,0.87,5,1,4
875,53,2.74,1.26,5,1,3
180,221,4.05,0.97,5,1,4
1033,32,2.78,1.24,5,1,3
380,116,3.34,0.95,5,1,3
59,83,4.06,1.02,5,1,4
1078,22,2.77,1.11,5,1,3
585,39,2.49,1.14,5,1,2
148,128,3.2,1.05,5,1,3
683,49,2.41,1.17,5,1,3
454,16,2.88,1.09,5,1,3
737,59,2.98,1.11,5,1,3
524,46,4.02,0.93,5,1,4
995,31,3.16,1.21,5,1,3
616,64,3.42,1.1,5,1,4
945,40,3.92,0.86,5,2,4
299,73,2.93,1.19,5,1,3
792,86,3.72,0.92,5,1,4
708,101,3.48,0.91,5,1,4
950,30,2.9,0.99,5,1,3
27,57,3.11,1.1,5,1,3
747,102,3.46,0.93,5,1,3.5
85,58,3.03,1.06,5,1,3
516,63,3.97,1.05,5,1,4
1063,41,3.66,1.11,5,1,4
682,100,3.06,1.2,5,1,3
221,74,3.73,1.11,5,1,4
1150,9,3.11,1.45,5,1,4
847,55,3.73,0.87,5,1,4
138,19,2.58,1.39,5,1,3
517,91,3.77,1.02,5,1,4
283,177,3.72,0.98,5,1,4
602,50,3.7,0.86,5,1,4
573,33,2.94,1.25,5,1,3
617,18,3.78,0.65,5,3,4
569,67,2.7,0.95,5,1,3
1332,2,2,1.41,3,1,2
703,19,3.58,0.84,5,2,4
386,87,2.82,0.95,5,1,3
331,113,3.54,0.94,5,1,4
355,41,2.93,1.01,5,1,3
949,71,3.34,0.92,5,1,3
488,65,4.2,0.81,5,2,4
114,67,4.45,0.76,5,1,5
24,174,3.45,1,5,1,4
763,149,3.39,1.22,5,1,3
43,40,3,0.88,5,1,3
953,22,3.32,0.99,5,2,3
670,36,3,1.17,5,1,3
510,121,3.94,0.91,5,1,4
372,34,3.53,0.99,5,1,4
335,21,2.76,1.14,5,1,3
779,31,2.55,0.93,4,1,3
435,216,3.95,0.86,5,1,4
223,136,4.2,0.8,5,1,4
1334,2,1,0,1,1,1
835,15,3.87,0.92,5,3,4
1327,3,2.33,1.53,4,1,2
263,19,2.16,1.5,5,1,1
450,63,2.4,1.17,5,1,2
651,171,4.08,0.78,5,2,4
316,112,4.2,0.8,5,1,4
929,40,2.7,1.07,4,1,3
580,32,3.38,1.16,5,1,3
1041,62,3.19,1.05,5,1,3
424,19,1.32,0.67,3,1,1
429,97,3.94,0.89,5,1,4
868,5,3.8,1.1,5,2,4
1161,13,2.92,0.86,4,1,3
166,58,4.12,0.73,5,3,4
1162,5,1.6,0.89,3,1,1
1019,31,3.97,1.05,5,1,4
908,20,2.5,1.5,5,1,3
1160,26,3.62,1.3,5,1,4
676,77,3.34,1.02,5,1,3
1012,100,3.53,1.07,5,1,4
1209,15,2.53,1.06,4,1,3
693,91,3.65,0.98,5,1,4
282,232,3.69,0.95,5,1,4
253,26,3.69,1.38,5,1,4
428,121,3.82,1.02,5,1,4
1350,2,1.5,0.71,2,1,1.5
363,47,2.72,1.04,5,1,3
300,431,3.63,1,5,1,4
1346,5,2.4,1.34,4,1,3
1119,59,3.66,0.82,5,1,4
674,48,2.9,0.88,5,1,3
411,163,2.91,1.09,5,1,3
527,195,4.02,0.8,5,1,4
1397,5,3.2,1.3,4,1,4
807,9,2.78,1.3,4,1,3
657,131,4.26,0.76,5,1,4
1142,44,4.05,1.1,5,1,4
113,9,4.11,0.78,5,3,4
426,32,2.84,1.25,5,1,3
1109,28,3.43,0.96,5,1,3.5
116,125,3.82,1.06,5,1,4
898,58,3.22,1.35,5,1,3
723,34,3.15,1.16,5,1,3
243,132,2.44,1.15,5,1,2
582,168,3.6,1.13,5,1,4
778,76,3.55,0.99,5,1,4
308,30,2.97,1.27,5,1,3
1007,47,4.13,0.68,5,3,4
641,33,4.21,1.02,5,1,4
1165,14,1.86,0.77,3,1,2
764,29,2.76,1.18,5,1,3
1011,93,3.23,0.96,5,1,3
1101,74,3.77,0.88,5,1,4
396,54,2.81,1.17,5,1,3
1260,4,2.75,1.71,5,1,2.5
904,20,3.45,1.47,5,1,3.5
312,80,3.16,1.1,5,1,3
1048,73,3.01,0.98,5,1,3
627,75,3.23,1.09,5,1,3
571,28,2.5,1,5,1,3
552,45,2.87,1.1,5,1,3
1278,16,3.62,1.26,5,1,4
499,62,3.95,0.73,5,2,4
1186,3,3.33,0.58,4,3,3
1057,22,2.32,0.95,4,1,2
207,66,3.82,1.01,5,1,4
309,28,2.86,1.35,5,1,3
671,46,3.61,1.04,5,1,3
83,176,4.06,0.87,5,1,4
482,128,3.98,0.97,5,1,4
276,298,3.7,1.17,5,1,4
1094,12,2.42,1.56,5,1,2
647,70,4.1,0.98,5,1,4
578,92,3.15,1.05,5,1,3
1021,38,3.82,1.18,5,1,4
886,53,3.08,1.19,5,1,3
1151,7,2.14,0.9,3,1,2
855,66,3.73,1.03,5,1,4
942,45,3.49,0.92,5,1,4
826,80,2.58,1.06,5,1,3
1044,40,3.23,0.97,5,1,3
254,62,2.45,1.08,5,1,2
290,96,3.11,0.94,5,1,3
848,9,3.56,0.88,5,2,4
542,51,2.53,1.08,5,1,3
581,59,3.22,1.13,5,1,3
1229,13,2.15,1.14,5,1,2
718,16,3.69,1.25,5,1,4
337,18,3,1.28,5,1,3
1107,18,3.06,1,4,1,3
539,44,2.48,1.11,4,1,3
821,22,3.05,1.09,5,1,3
364,37,2.68,1.11,5,1,3
553,63,3.29,1.1,5,1,3
313,350,4.25,0.95,5,1,5
1218,26,3.46,0.95,5,1,3.5
115,15,3.73,1.22,5,1,4
1129,28,3.57,1.26,5,1,4
493,60,4.15,0.82,5,2,4
36,13,2.15,0.9,4,1,2
205,136,3.99,0.96,5,1,4
102,54,3.13,1.1,5,1,3
1249,12,2.83,0.83,4,1,3
773,17,2.94,1.03,4,1,3
494,56,4,0.74,5,3,4
192,116,4.12,0.94,5,1,4
687,69,2.19,1.12,5,1,2
772,49,3.06,1.25,5,1,3
921,46,3.98,1.02,5,1,4
42,148,3.8,1.12,5,1,4
469,67,3.78,0.98,5,1,4
874,39,3.26,1.16,5,1,3
1216,6,3,0.89,4,2,3
1139,33,2.61,1.09,5,1,3
547,41,3.34,1.24,5,1,4
157,127,3.69,1,5,1,4
1208,20,2.85,0.93,4,1,3
1157,25,2.88,1.27,5,1,3
808,31,2.84,0.97,5,1,3
906,21,3.19,1.29,5,1,3
535,54,3.17,1,5,1,3
470,108,3.67,0.98,5,1,4
714,13,3.23,1.01,4,1,4
939,60,3.6,0.76,5,2,4
738,31,2.84,1.04,5,1,3
525,73,4.03,1.01,5,1,4
340,189,3.59,1.18,5,1,4
1037,24,2,1.1,5,1,2
530,80,4.03,0.9,5,1,4
528,121,4.13,0.83,5,1,4
754,57,3.39,1.01,5,1,3
1436,2,2.5,0.71,3,2,2.5
771,41,2.63,0.92,5,1,3
226,166,3.36,1,5,1,3
1383,6,2,1.26,4,1,1.5
745,16,3.88,1.2,5,1,4
1316,7,2.71,1.7,5,1,3
846,44,3.07,1,5,2,3
605,31,3.35,0.91,5,1,3
575,44,2.55,1.04,5,1,3
1284,26,2.85,1.01,5,1,3
1298,9,3.67,1.12,5,2,3
529,93,3.98,0.87,5,1,4
743,39,1.95,1.12,5,1,2
840,53,2.66,1.14,5,1,3
244,48,3.17,1.06,5,1,3
760,46,2.65,1.25,5,1,3
1006,23,2.83,1.15,5,1,3
1228,48,2.46,1.07,4,1,3
1095,29,2.62,1.05,5,1,2
34,7,2.71,1.38,5,1,2
103,15,1.87,0.92,3,1,2
441,53,2.57,0.97,5,1,3
90,95,3.05,1.1,5,1,3
1005,22,3.68,1.29,5,1,4
863,24,3.92,0.88,5,2,4
473,126,3.13,1,5,1,3
1281,13,3.15,1.07,5,1,3
356,97,3.38,0.88,5,1,3
630,31,3.29,0.9,5,2,3
793,10,3.5,1.35,5,1,3.5
766,9,3.11,0.93,4,1,3
1206,19,2.68,1,5,1,3
1342,2,2.5,2.12,4,1,2.5
980,22,3.18,1.14,5,1,3
1263,15,2.93,0.88,4,1,3
1376,7,2.14,1.07,4,1,2
1182,13,2.31,0.75,3,1,2
457,27,1.74,1.06,4,1,1
710,79,3.57,0.87,5,1,4
615,59,4.05,0.86,5,2,4
101,73,3.26,1.19,5,1,3
697,40,3.42,1.26,5,1,4
1199,23,2.87,1.39,5,1,3
395,56,2.59,1.01,5,1,3
983,15,2.4,0.74,4,1,2
684,169,3.79,0.79,5,1,4
971,34,3.68,0.91,5,1,4
1116,13,3.62,0.65,5,3,4
267,9,3.44,1.13,5,1,4
556,12,2.5,0.9,4,1,3
853,14,3.86,1.61,5,1,4.5
311,75,3.68,0.9,5,1,4
1073,66,3.82,1.08,5,1,4
975,44,3.16,1.08,5,1,3
361,10,3.5,1.72,5,1,4
643,4,3,1.41,4,1,3.5
704,24,3.04,0.81,5,2,3
997,16,2.12,1.15,4,1,2
260,127,2.57,1.21,5,1,3
990,33,3.09,1.38,5,1,3
969,75,3.8,1.09,5,1,4
167,67,2.96,0.89,5,1,3
650,72,3.54,1.2,5,1,4
320,20,4.05,1.32,5,1,5
63,82,3.1,0.95,5,1,3
965,21,3.67,0.91,5,2,4
652,90,3.89,0.95,5,1,4
1059,35,2.77,1.29,5,1,3
882,34,3.29,1.19,5,1,3
1164,6,2.17,0.98,3,1,2.5
1207,17,2.29,1.16,5,1,2
786,14,2.64,1.08,4,1,3
614,51,3.75,0.84,5,2,4
810,45,2.89,0.91,5,1,3
1222,25,2.68,0.99,5,1,3
139,50,2.78,0.93,5,1,3
769,42,2.45,1.25,5,1,2.5
765,32,2.81,0.97,4,1,3
67,103,3.05,1.22,5,1,3
624,22,3.27,1.16,5,2,3
1001,17,2,1.41,5,1,1
797,31,3.1,0.87,5,1,3
883,13,3.23,1.36,5,1,3
752,39,3.31,1.13,5,1,3
1315,23,3.13,0.97,4,1,3
560,22,2.73,0.94,4,1,3
345,65,3.4,1.18,5,1,4
1194,31,4.06,0.89,5,1,4
464,27,3.59,1.15,5,1,4
1348,1,1,NA,1,1,1
932,40,2.92,1.14,5,1,3
1179,9,2.11,1.05,4,1,2
536,10,3.3,1.34,5,1,3.5
369,55,2.64,1.24,5,1,3
1250,6,1.5,0.84,3,1,1
880,59,3.17,1.22,5,1,3
629,77,3.34,0.93,5,1,3
775,26,2.77,1.18,5,1,3
1289,7,2.14,1.07,4,1,2
544,71,3.15,1.06,5,1,3
170,121,4.17,0.94,5,1,4
1518,12,3,0.85,4,2,3
413,55,2.64,1.08,5,1,3
618,18,3.61,0.78,5,2,4
326,175,3.36,1.16,5,1,3
123,115,3.23,0.99,5,1,3
628,169,3.51,0.95,5,1,4
262,66,3.71,1.13,5,1,4
31,154,3.63,0.89,5,1,4
1180,10,2.5,0.85,4,1,2.5
414,62,3.53,0.94,5,1,4
490,50,4.02,0.77,5,2,4
839,4,2.5,1.73,4,1,2.5
453,16,1.94,0.93,4,1,2
149,23,3,1.24,5,1,3
1320,1,1,NA,1,1,1
827,57,2.77,1.04,5,1,3
124,187,4.05,0.91,5,1,4
570,50,3.1,0.97,5,1,3
843,30,3,1.02,5,1,3
844,42,3.36,1.21,5,1,4
420,81,3.67,0.85,5,1,4
590,18,2,1.03,4,1,2
1230,18,1.83,0.79,3,1,2
1324,5,2.4,1.14,4,1,2
895,106,3.22,1.1,5,1,3
1149,26,3.85,0.67,5,3,4
567,35,2.8,1.21,5,1,3
606,66,4.05,0.87,5,2,4
816,21,2.43,1.36,5,1,2
672,65,2.72,1.22,5,1,3
584,79,3.54,0.96,5,1,4
521,120,3.83,1.04,5,1,4
728,45,3.02,0.78,4,1,3
689,87,3.15,1.17,5,1,3
329,45,3.33,1,5,1,3
859,15,2.67,0.9,4,1,3
456,48,2.31,1.09,5,1,3
791,10,2.5,1.27,5,1,2
159,101,3.23,0.89,5,1,3
489,52,4.12,0.76,5,2,4
1266,12,3.17,1.4,5,1,3.5
1416,5,2.4,0.55,3,2,2
988,86,2.31,1.11,5,1,2
636,91,3.24,0.9,5,1,3
1411,28,2.57,1.1,4,1,3
533,15,3.67,0.9,5,2,4
1394,7,2.43,1.81,5,1,1
819,40,2.7,0.94,4,1,3
495,59,3.66,0.78,5,2,4
1093,23,3.09,1.41,5,1,3
1492,1,4,NA,4,4,4
30,37,3.95,0.85,5,1,4
314,5,1,0,1,1,1
958,14,3.79,1.25,5,1,4
841,48,2.75,1.06,5,1,3
838,4,2.75,1.71,5,1,2.5
702,53,3.02,1.12,5,1,3
1020,35,3.89,0.76,5,2,4
947,17,3.24,1.15,5,1,3
1000,10,3,0.67,4,2,3
104,5,1.4,0.89,3,1,1
1322,6,2.33,0.82,3,1,2.5
622,39,3.36,0.81,5,1,3
481,63,3.94,1.01,5,1,4
532,22,3.32,1.04,5,1,3
915,13,3.92,0.86,5,2,4
502,57,3.7,1.03,5,1,4
1291,15,2.2,1.01,4,1,2
330,41,3.02,1.17,5,1,3
802,40,2.7,1.04,5,1,3
37,8,2.25,1.04,4,1,2
1025,44,2.93,1.3,5,1,3
1364,1,1,NA,1,1,1
266,35,2.71,1.41,5,1,3
727,63,3.46,1.12,5,1,4
828,13,2.69,1.25,5,1,3
548,12,2.17,1.19,5,1,2
1132,32,2.62,1.13,5,1,3
993,66,3.52,0.96,5,1,4
136,105,4.12,0.9,5,1,4
996,14,2.5,1.09,4,1,3
562,48,3.21,1.13,5,1,3
653,34,3.91,0.87,5,1,4
74,7,3,1.41,5,1,3
1493,1,1,NA,1,1,1
45,80,4.05,0.88,5,1,4
867,6,4,0.89,5,3,4
876,47,2.7,0.95,5,1,3
158,60,2.62,0.94,5,1,3
1183,19,2.21,1.08,4,1,2
1118,47,3.26,0.99,5,1,3
500,31,3.9,0.91,5,1,4
610,41,3.66,1.04,5,1,4
887,64,3.61,1.19,5,1,4
1299,8,3,0.93,4,2,3
918,8,3,1.07,4,1,3
41,37,3.08,1.14,5,1,3
1066,16,3,1.21,5,1,3
336,43,2.63,1.22,5,1,2
1117,19,3.11,0.99,5,1,3
1169,10,4.1,0.57,5,3,4
1262,8,3.62,1.19,5,2,3
348,27,3.3,0.95,5,1,3
270,136,3.6,0.95,5,1,4
1053,24,3.46,0.98,5,1,3
1464,3,2.33,1.53,4,1,2
374,11,2.27,1.19,4,1,2
621,11,2.91,1.3,5,1,3
607,66,3.97,0.93,5,1,4
1030,20,2.25,1.16,5,1,2
777,4,1.25,0.5,2,1,1
700,15,2.6,1.06,5,1,3
297,50,3.96,0.73,5,3,4
925,34,3.32,0.91,5,2,3
928,104,3.12,1.08,5,1,3
394,12,3.33,1.23,5,1,3.5
549,92,3.57,0.91,5,1,4
999,10,2.8,1.14,4,1,2.5
1471,9,2.44,1.13,4,1,2
341,11,3.09,1.58,5,1,3
1009,64,3.38,1.15,5,1,4
391,59,2.75,0.96,5,1,3
467,48,3.79,0.8,5,2,4
811,18,3.94,0.54,5,3,4
805,27,3.63,0.84,5,2,4
519,80,4.1,0.76,5,2,4
1036,24,2.75,1.19,5,1,2
84,18,3,1.03,5,1,3
894,19,1.89,1.37,5,1,1
574,15,2.2,1.32,5,1,2
1113,22,3.27,1.08,5,1,3
1306,2,3,2.83,5,1,3
638,44,3.77,0.94,5,1,4
1314,11,2.45,0.82,3,1,3
1131,13,4,0.82,5,3,4
1069,18,3.17,1.42,5,1,4
1084,21,3.86,1.06,5,2,4
1407,20,2.25,0.79,3,1,2
878,33,2.52,1.39,5,1,2
1242,5,2.6,1.82,5,1,2
359,18,3.5,1.34,5,1,3
579,19,2.63,1.07,4,1,3
884,7,3.29,1.89,5,1,4
691,16,3.5,1.03,5,1,4
954,11,3.55,1.04,5,2,4
261,43,2.56,1.33,5,1,3
1112,15,2.8,0.86,4,1,3
1090,37,2.41,1.19,5,1,2
445,22,3.5,0.86,5,2,4
108,65,3.08,1.08,5,1,3
635,23,2.74,1.05,5,1,3
1135,46,2.98,1.09,5,1,3
76,54,3.41,0.86,5,1,3.5
1082,8,2.62,0.52,3,2,3
1215,30,1.93,0.98,4,1,2
1328,6,3.17,1.33,4,1,4
1013,38,2.29,1.01,4,1,2
1170,27,3.07,1.07,5,1,3
1265,19,3.05,1.27,5,1,3
735,137,3.85,0.95,5,2,4
352,26,2.12,1.51,5,1,1
833,49,3.2,1.14,5,1,3
722,58,2.93,0.92,5,1,3
434,67,3.84,0.86,5,1,4
801,16,2.81,0.66,4,1,3
224,44,3.7,1.07,5,1,4
358,143,2.62,1.14,5,1,3
966,26,4.19,0.9,5,2,4
1351,3,2,1,3,1,2
675,54,3.56,1.08,5,1,4
991,25,2.24,1.09,5,1,2
633,69,4.06,0.86,5,2,4
1102,7,2.43,1.4,4,1,3
1424,3,2.33,1.15,3,1,3
1163,25,2.68,1.22,5,1,2
1413,8,2.75,1.28,5,1,2.5
830,1,1,NA,1,1,1
924,85,3.4,1.14,5,1,3
976,12,1.83,1.19,5,1,1.5
825,83,3.04,1.18,5,1,3
389,27,3.44,1.05,5,1,3
1189,3,5,0,5,5,5
978,27,2.52,1.12,5,1,2
444,46,2.72,1.07,5,1,3
1484,3,2.67,1.53,4,1,3
362,28,2.82,1.36,5,1,3
1442,5,2.4,1.34,4,1,3
1419,16,2.12,1.09,5,1,2
1241,6,2.67,1.21,4,1,2.5
613,27,4.04,0.9,5,2,4
656,44,4,0.96,5,1,4
734,27,2.52,0.85,4,1,3
946,61,3.15,1.08,5,1,3
913,2,2.5,2.12,4,1,2.5
1172,15,3.67,1.18,5,1,4
1108,5,2.4,1.34,4,1,3
1347,4,2.75,1.71,5,1,2.5
1074,77,2.96,1.06,5,1,3
1187,13,3.23,1.09,5,1,3
856,36,3.83,1.06,5,1,4
1212,6,2.83,0.98,4,2,2.5
1105,18,2.83,1.34,5,1,3
6,26,3.58,1.3,5,1,4
964,9,3.33,1.22,5,1,4
1043,8,3,1.2,5,1,3
398,26,2.08,1.06,4,1,2
694,44,4.05,1.1,5,1,4
1072,7,2.43,1.13,4,1,3
1141,9,3.33,0.87,5,2,3
733,15,3.2,1.08,5,1,3
1051,41,3.24,0.97,5,1,3
1478,18,2.72,1.02,4,1,3
19,69,3.96,1.06,5,1,4
1210,38,2.74,1.18,5,1,3
962,23,3.13,1.18,5,1,4
1203,21,4.05,1.12,5,2,4
563,29,2.41,1.12,5,1,2
1097,18,3.5,1.25,5,1,4
1292,3,1.67,1.15,3,1,1
458,90,3.12,1.11,5,1,3
871,75,2.4,1.04,5,1,2
1062,12,3.75,1.48,5,1,4
608,30,3.93,0.52,5,3,4
788,3,1.67,1.15,3,1,1
1508,3,2.33,1.15,3,1,3
1283,19,2.68,1.16,5,1,3
557,17,3.12,1.32,5,1,3
936,32,3.94,0.95,5,1,4
1362,2,2,1.41,3,1,2
551,24,2.42,1.14,5,1,2
1498,1,4,NA,4,4,4
782,10,2.6,0.84,4,1,3
1225,14,2.64,0.74,4,1,3
1050,43,3.65,0.84,5,2,4
986,23,2.57,1.31,5,1,3
1188,44,2.77,1.01,5,1,3
1272,5,1.8,1.1,3,1,1
1268,10,3.3,1.42,5,1,3
415,25,2.84,0.85,4,1,3
1372,3,3,1.73,4,1,4
646,38,3.87,0.91,5,2,4
902,42,3.83,1.1,5,1,4
555,10,2,1.25,4,1,1.5
383,31,2.06,0.89,5,1,2
1239,18,2.44,1.25,5,1,2
1277,19,3.42,1.12,5,1,4
681,27,2.44,1.4,5,1,2
934,68,2.93,0.98,5,1,3
972,28,3.18,0.86,5,1,3
1152,28,3.43,1.17,5,1,4
645,27,3.81,0.96,5,1,4
664,46,3.54,1.03,5,1,4
795,21,2.43,0.93,4,1,2
940,32,2.34,0.94,5,1,2
1104,4,3,1.83,5,1,3
783,37,2.73,1.02,4,1,3
373,39,2.9,0.97,5,1,3
713,72,3.61,0.99,5,1,4
1126,32,3.34,1.29,5,1,4
342,52,2.92,1.2,5,1,3
1127,11,2.91,1.3,5,1,3
1503,10,3.1,1.2,5,1,3
818,25,2.76,1.05,5,1,3
896,44,3.77,1.01,5,2,4
351,20,2.7,1.17,5,1,3
1004,9,3.11,1.05,4,1,3
1008,37,3.38,1.11,5,1,4
1106,4,3,1.15,4,2,3
850,4,4,1.41,5,2,4.5
1226,32,3.38,0.79,4,2,4
639,40,3.7,0.99,5,1,4
422,26,2.85,1.05,5,1,3
910,4,2,0.82,3,1,2
1500,2,5,0,5,5,5
1463,3,3.33,2.08,5,1,4
1002,8,1.88,1.25,4,1,1
1495,5,3.6,0.89,5,3,3
1401,18,3.22,1.17,5,1,3
119,4,4.5,1,5,3,5
1040,25,2.6,1.04,5,1,3
1312,7,3,1.15,4,1,3
537,30,3.63,1.07,5,1,4
992,4,3,1.15,4,2,3
1384,3,1.67,1.15,3,1,1
1487,5,2,1,3,1,2
1192,13,3.38,1.39,5,1,4
1136,29,3.48,1.06,5,1,4
1227,8,2.38,1.06,4,1,2.5
865,21,3.48,1.21,5,1,4
1128,13,2.69,1.32,5,1,3
1371,2,1.5,0.71,2,1,1.5
1032,16,2.88,1.09,5,1,3
1071,16,2.88,0.96,4,1,3
814,1,5,NA,5,5,5
503,39,3.64,0.67,5,2,4
1253,7,2.43,1.27,4,1,2
1318,3,1.33,0.58,2,1,1
1378,5,2.2,0.84,3,1,2
753,24,3.71,1.3,5,1,4
1124,12,3.83,0.39,4,3,4
1520,1,3,NA,3,3,3
1270,7,2.29,0.95,3,1,3
1089,38,2.13,1.09,5,1,2
1123,3,3.67,0.58,4,3,4
1190,11,3.36,1.03,5,2,3
1459,7,3.57,0.98,5,2,4
1202,8,3.5,1.2,5,1,4
637,38,3.03,0.85,5,1,3
390,10,3.2,1.4,5,1,3
349,31,2.9,1.14,5,1,3
538,66,3.42,1.1,5,1,4
601,20,4,0.86,5,3,4
698,10,3,1.15,4,1,3.5
1386,6,2.67,1.37,4,1,3
1168,22,3.32,1.04,5,1,3.5
1023,31,2.58,0.92,4,1,3
437,5,1,0,1,1,1
1276,8,2.5,1.2,4,1,2.5
933,21,2.43,1.03,4,1,3
1077,8,3.12,0.99,4,1,3
968,18,3.72,1.07,5,1,4
1120,17,3,1.12,5,1,3
1221,39,3.49,1.02,5,1,3
956,46,3.61,0.86,5,1,4
353,14,2.43,1.4,5,1,2
1244,36,2.92,0.94,5,1,3
759,11,2.18,0.98,4,1,2
1024,15,3.6,1.24,5,1,3
1425,10,2.6,1.17,4,1,2.5
1259,4,2,1.15,3,1,2
711,1,4,NA,4,4,4
1409,7,2.86,1.21,4,1,3
1254,11,1.82,0.87,3,1,2
112,20,2.45,1.23,5,1,2.5
1232,17,2.47,1.12,5,1,3
888,15,3.47,1.3,5,1,4
1213,6,2.17,0.75,3,1,2
1258,23,2.52,1.12,5,1,3
854,16,3.38,1.71,5,1,4
236,45,3.62,1.07,5,1,4
834,25,2.2,1.26,5,1,2
1083,6,2.5,0.84,3,1,3
1368,6,3.67,1.75,5,1,4.5
889,13,3.38,1.04,5,2,3
1466,6,4,0.89,5,3,4
893,14,2.43,0.94,4,1,3
776,9,3.22,1.3,5,1,4
1390,2,2,1.41,3,1,2
1282,9,3.22,1.3,5,1,3
952,45,3.18,1.09,5,1,3
1370,3,2.67,1.53,4,1,3
907,2,2,1.41,3,1,2
861,3,2.33,1.15,3,1,3
1054,23,2.3,1.15,5,1,3
46,27,3.56,0.93,5,1,4
598,4,2.25,0.96,3,1,2.5
1480,11,2.27,1.01,4,1,2
1297,12,2.83,1.19,4,1,3
1167,11,3.55,1.44,5,1,4
1300,9,2.33,1,4,1,2
1446,15,3.13,1.06,5,1,3
784,2,1,0,1,1,1
1143,15,4,0.93,5,2,4
1294,7,3.14,1.57,5,1,4
1373,1,1,NA,1,1,1
1489,5,2.2,0.84,3,1,2
800,26,2.88,1.21,5,1,3
1088,13,2.23,1.01,4,1,2
989,32,2.84,1.37,5,1,3
1085,11,3,1.55,5,1,3
1473,9,3.56,1.24,5,1,4
1303,18,2.33,0.91,4,1,2
881,45,2.93,1.29,5,1,3
1529,5,2.8,1.48,5,1,3
1175,5,3.4,2.19,5,1,5
594,5,2.4,0.89,3,1,3
18,10,2.8,1.32,5,1,3
1274,11,1.73,0.79,3,1,2
970,8,3.25,1.04,4,1,3.5
1479,8,2.75,1.16,5,1,3
541,49,2.88,1.09,5,1,3
1403,4,2.75,1.26,4,1,3
1367,5,4.2,1.3,5,2,5
388,28,2.39,0.99,5,1,2
837,25,3.92,0.91,5,2,4
1309,1,1,NA,1,1,1
1296,20,3.25,1.25,5,1,3
565,22,2.68,0.95,4,1,3
1045,25,3.24,0.93,5,2,3
1166,12,3.17,1.34,5,1,3
1427,5,2.8,1.3,5,2,2
1385,5,2.8,1.3,4,1,3
857,1,3,NA,3,3,3
822,4,3,0.82,4,2,3
862,18,2.11,1.32,5,1,1.5
1158,4,4,0.82,5,3,4
967,12,3.17,0.83,5,2,3
1087,10,1.7,1.06,4,1,1
1449,8,4.62,0.52,5,4,5
592,9,3.33,1.22,5,1,3
890,43,1.95,1.15,5,1,2
998,16,2.56,1.31,5,1,2.5
985,22,2.86,0.99,4,1,3
1231,22,2.5,0.91,4,1,2.5
885,13,2.23,1.24,5,1,2
669,13,1.62,1.04,4,1,1
1438,5,2.4,1.34,4,1,3
1068,12,3.17,0.94,4,1,3
1219,20,2.9,1.02,4,1,3
667,12,2.17,1.11,5,1,2
545,12,1.83,0.72,3,1,2
1140,17,2.29,0.99,4,1,2
726,14,2.43,1.09,4,1,2
1056,10,3.2,1.23,5,1,3.5
1524,8,4.25,0.71,5,3,4
247,5,1.8,1.79,5,1,1
1430,3,2.33,1.15,3,1,3
1236,1,3,NA,3,3,3
1361,3,2.67,1.53,4,1,3
1285,15,3.13,0.64,4,2,3
1058,15,3.27,1.16,5,1,3
1247,6,1.83,0.75,3,1,2
35,11,2.18,1.33,5,1,2
1527,7,2.43,1.27,4,1,2
916,18,3.17,1.29,5,1,3
1301,5,3.8,0.84,5,3,4
1374,2,1,0,1,1,1
1148,9,3.33,1.12,5,1,3
1388,6,3.33,1.37,5,1,3.5
1353,5,2.6,1.52,4,1,3
1125,4,4.25,0.5,5,4,4
1485,4,3.5,0.58,4,3,3.5
1530,5,2,0.71,3,1,2
803,9,2.56,0.53,3,2,3
1310,1,3,NA,3,3,3
1313,14,3.14,1.23,5,1,3.5
1405,6,3.33,1.63,5,1,3.5
459,24,3.75,1.03,5,1,4
1469,12,3.17,1.19,5,1,3
1387,3,2,1,3,1,2
1536,1,5,NA,5,5,5
1582,1,1,NA,1,1,1
1343,1,1,NA,1,1,1
1457,1,3,NA,3,3,3
1404,13,3.23,1.3,5,1,3
994,7,2.29,1.11,4,1,2
1076,12,2.25,0.62,3,1,2
1543,1,3,NA,3,3,3
1432,3,1,0,1,1,1
1271,7,2.71,0.95,4,2,2
1177,7,1.86,1.57,5,1,1
1223,4,3.5,0.58,4,3,3.5
1092,12,2.5,0.8,3,1,3
1302,5,3.4,1.67,5,1,3
599,1,1,NA,1,1,1
1443,4,3.75,1.26,5,2,4
701,10,4,0.67,5,3,4
706,6,2.67,1.03,4,1,3
914,11,2.73,1.42,5,1,2
130,23,2.26,1.29,5,1,2
1195,11,3.27,1.49,5,1,3
1417,2,2.5,0.71,3,2,2.5
1357,3,2.67,2.08,5,1,2
1273,15,2.73,0.96,5,2,2
1578,2,2,1.41,3,1,2
1396,5,4.2,0.45,5,4,4
1398,2,4.5,0.71,5,4,4.5
75,5,3,1.41,4,1,4
534,13,3.31,1.18,5,1,3
1458,1,4,NA,4,4,4
1379,7,2.86,0.9,4,1,3
1279,9,2.89,0.93,4,1,3
1330,4,2.5,1,3,1,3
1439,8,3,1.2,5,1,3
1338,4,2.25,1.5,4,1,2
1354,2,1,0,1,1,1
1554,2,3,1.41,4,2,3
1193,10,3.8,1.14,5,1,4
1561,1,1,NA,1,1,1
804,8,2.88,0.99,4,1,3
668,6,2.17,1.47,4,1,1.5
1075,7,3.43,0.98,5,2,3
442,4,1.25,0.5,2,1,1
1533,1,4,NA,4,4,4
1434,10,2.5,1.51,5,1,2.5
1565,1,1,NA,1,1,1
1176,22,3.36,1.36,5,1,4
1456,7,3.71,0.49,4,3,4
1307,2,1.5,0.71,2,1,1.5
1534,6,2.17,1.47,4,1,1.5
1531,7,3.29,1.11,4,1,4
400,18,2.72,1.27,5,1,3
1421,11,3.18,1.17,5,1,3
1369,4,2.75,1.26,4,1,3
1455,2,2.5,0.71,3,2,2.5
1257,4,1.75,0.96,3,1,1.5
1555,5,2.6,1.14,4,1,3
730,24,3.5,0.98,5,1,3
1454,6,3,0.63,4,2,3
1441,7,2.57,0.79,3,1,3
1103,19,3.79,0.98,5,2,4
1477,2,2.5,0.71,3,2,2.5
1521,4,3,0,3,3,3
1174,8,3.25,1.28,5,1,3
1538,3,3,0,3,3,3
1344,5,3.2,1.48,5,1,3
798,9,2.22,1.09,4,1,2
1392,5,2,1.41,4,1,1
1517,5,2.8,1.3,4,1,3
1377,4,3.25,1.71,5,1,3.5
817,3,2.67,1.53,4,1,3
1563,1,1,NA,1,1,1
1264,7,3.29,0.76,4,2,3
1470,5,2.6,1.52,5,1,2
1418,3,3.67,0.58,4,3,4
1156,1,3,NA,3,3,3
1406,5,3.4,0.55,4,3,3
1360,2,1.5,0.71,2,1,1.5
935,7,3.29,0.95,5,2,3
1275,4,2.5,1.91,5,1,2
891,6,2.67,1.37,5,1,2.5
1121,21,3.76,1.04,5,2,4
1252,9,3,1.32,5,1,3
1505,1,4,NA,4,4,4
1317,4,2,1.41,4,1,1.5
1519,2,3,1.41,4,2,3
1029,14,2,1.3,5,1,1.5
912,9,3,0.71,4,2,3
1200,7,3.29,1.11,4,1,4
1305,7,2.43,1.13,4,1,3
1400,10,3.1,1.1,5,1,3
852,1,1,NA,1,1,1
1375,10,3.6,1.26,5,1,3.5
1501,5,3,1.22,4,1,3
1435,7,2.57,0.98,4,1,3
1395,6,2.33,1.51,4,1,2
1557,1,1,NA,1,1,1
1333,5,2.8,1.1,4,1,3
1591,6,3.17,1.83,5,1,3.5
1562,1,1,NA,1,1,1
1269,10,3.9,1.1,5,2,4
909,13,3.77,1.24,5,1,4
1450,2,4,1.41,5,3,4
1550,2,3,0,3,3,3
1154,12,3.33,1.5,5,1,3
1237,6,3.5,0.84,5,3,3
1261,4,3.25,1.5,4,1,4
1586,1,1,NA,1,1,1
1038,17,2.82,1.38,5,1,3
1504,3,3.67,0.58,4,3,4
1214,9,2,1,4,1,2
1522,7,2.43,0.79,3,1,3
1238,8,3.12,1.13,5,2,3
1064,4,4.25,0.5,5,4,4
757,4,2.75,1.26,4,1,3
1476,1,2,NA,2,2,2
1545,4,2.5,1,4,2,2
1537,4,4,0.82,5,3,4
1391,3,2,1.73,4,1,1
296,6,3.33,0.82,4,2,3.5
1472,2,3.5,2.12,5,2,3.5
1580,1,1,NA,1,1,1
1331,4,3,1.41,4,1,3.5
1363,1,1,NA,1,1,1
1280,16,2.69,1.45,5,1,3
1138,5,3.4,1.34,5,2,4
1308,2,1,0,1,1,1
1339,1,1,NA,1,1,1
1523,2,3,1.41,4,2,3
1080,2,4,0,4,4,4
1096,3,2.67,0.58,3,2,3
1512,6,4,1.67,5,1,5
1287,6,1.33,0.52,2,1,1
1483,12,3.42,1.08,5,1,4
1566,1,1,NA,1,1,1
1031,7,2.29,1.38,5,1,2
917,7,3.43,0.79,4,2,4
920,5,2.2,1.3,4,1,2
1589,4,3,1.63,5,1,3
1293,3,5,0,5,5,5
1349,1,1,NA,1,1,1
1422,4,2.25,0.96,3,1,2.5
1389,3,3,2,5,1,3
1290,2,1.5,0.71,2,1,1.5
1447,1,3,NA,3,3,3
1111,7,3.43,1.27,5,1,4
1513,3,2,0,2,2,2
1235,1,4,NA,4,4,4
1412,6,1.67,0.82,3,1,1.5
1185,18,2.28,1.13,4,1,2
1337,9,2.33,1,3,1,3
1592,5,3.6,1.67,5,1,4
1399,7,2.43,0.98,4,1,2
1547,2,3,1.41,4,2,3
1420,3,1.33,0.58,2,1,1
1173,7,2.57,1.13,4,1,2
1159,11,3.55,1.44,5,1,4
1506,3,3.67,0.58,4,3,4
1468,6,3.33,1.37,5,1,3.5
1355,6,2.67,1.86,5,1,2.5
1437,9,2,0.71,3,1,2
1304,2,2.5,2.12,4,1,2.5
1359,2,1,0,1,1,1
1204,18,3.61,0.92,5,2,4
1426,8,3.25,1.28,5,2,3
1588,2,2,1.41,3,1,2
1590,2,2,1.41,3,1,2
1608,4,2.25,0.5,3,2,2
1617,2,3,2.83,5,1,3
1026,4,2.5,1.91,5,1,2
1311,16,2.5,1.26,5,1,3
957,2,2,1.41,3,1,2
1326,6,3.33,1.21,4,1,4
1587,1,1,NA,1,1,1
1496,5,2.8,1.3,4,1,3
981,8,1.75,0.89,3,1,1.5
899,9,3.44,1.42,5,1,3
1560,4,2.75,1.5,4,1,3
677,1,3,NA,3,3,3
1571,1,1,NA,1,1,1
1549,2,1.5,0.71,2,1,1.5
1402,4,2.75,1.5,4,1,3
1598,6,2.5,1.52,5,1,2.5
1514,7,3.14,1.21,5,2,3
1558,7,3.57,1.9,5,1,5
1415,9,2.44,1.13,4,1,2
1528,3,2.33,0.58,3,2,2
1575,1,1,NA,1,1,1
1510,1,3,NA,3,3,3
438,6,1.17,0.41,2,1,1
1597,5,3,1.41,5,1,3
1579,1,1,NA,1,1,1
600,2,3,1.41,4,2,3
1499,4,3.25,1.71,5,1,3.5
446,9,2.44,1.13,4,1,2
1205,6,3,1.26,5,1,3
1191,3,4.33,1.15,5,3,5
1445,4,2.75,1.26,4,1,3
1603,1,3,NA,3,3,3
1616,1,4,NA,4,4,4
1465,3,2.33,0.58,3,2,2
1146,3,2,1,3,1,2
1539,4,1.75,0.5,2,1,2
1255,8,2.25,1.04,4,1,2
1526,1,4,NA,4,4,4
1585,2,2.5,2.12,4,1,2.5
1596,1,2,NA,2,2,2
1605,4,3,1.41,5,2,2.5
1453,1,2,NA,2,2,2
1488,4,3,1.41,4,1,3.5
1516,3,4,1,5,3,4
1461,1,2,NA,2,2,2
973,4,3.5,1.29,5,2,3.5
1553,4,2.75,1.26,4,1,3
1559,1,1,NA,1,1,1
1431,5,3.4,1.52,5,1,4
851,4,3.75,1.89,5,1,4.5
666,5,2.4,1.14,4,1,2
1532,2,2,0,2,2,2
1507,1,3,NA,3,3,3
1540,10,2.8,1.23,5,1,2.5
1593,1,4,NA,4,4,4
1243,7,3.71,0.76,5,3,4
1623,3,4,0,4,4,4
1576,1,1,NA,1,1,1
1511,5,3.2,0.84,4,2,3
1525,1,4,NA,4,4,4
1569,1,1,NA,1,1,1
1568,1,1,NA,1,1,1
1408,3,1,0,1,1,1
1602,3,3.33,0.58,4,3,3
1381,8,3.25,0.89,5,2,3
1340,1,1,NA,1,1,1
1055,10,3.2,0.79,4,2,3
1440,5,3,0.71,4,2,3
1358,2,3,2.83,5,1,3
1502,2,1.5,0.71,2,1,1.5
1171,14,3.14,1.03,5,1,3
1619,1,3,NA,3,3,3
1319,4,1.75,0.96,3,1,1.5
1601,1,1,NA,1,1,1
1620,9,3.22,1.2,5,1,3
1474,6,2.83,1.17,4,1,3
1145,9,2.67,0.71,4,2,3
1155,3,3.33,1.53,5,2,3
799,5,3.2,1.3,4,1,4
1535,4,3,1.41,4,1,3.5
1615,10,3,1.05,4,1,3
1583,1,1,NA,1,1,1
1475,8,2.88,1.25,5,1,3
1624,1,2,NA,2,2,2
1234,8,2.38,1.6,5,1,2
1323,3,2.67,1.53,4,1,3
1541,2,3.5,0.71,4,3,3.5
1609,3,1.67,1.15,3,1,1
1651,1,4,NA,4,4,4
1414,1,2,NA,2,2,2
1486,1,1,NA,1,1,1
1552,3,2,1,3,1,2
1614,1,3,NA,3,3,3
1570,1,1,NA,1,1,1
1335,11,2.64,1.12,4,1,3
1251,8,4.12,0.83,5,3,4
1233,6,3.5,1.52,5,1,3.5
1612,4,3.75,1.89,5,1,4.5
1599,1,5,NA,5,5,5
1607,3,3.33,1.53,5,2,3
1345,2,2,1.41,3,1,2
1649,1,3,NA,3,3,3
1656,2,3.5,2.12,5,2,3.5
1321,2,2.5,2.12,4,1,2.5
1380,6,2.33,1.03,4,1,2
1491,2,3,2.83,5,1,3
1610,3,2,1,3,1,2
1642,2,4.5,0.71,5,4,4.5
1572,1,1,NA,1,1,1
1629,2,4,1.41,5,3,4
1481,2,3,1.41,4,2,3
1628,4,3.75,1.5,5,2,4
1144,3,3.67,1.15,5,3,3
1490,3,3,1,4,2,3
1600,4,3.75,0.96,5,3,3.5
1653,1,5,NA,5,5,5
1452,1,4,NA,4,4,4
1644,2,1.5,0.71,2,1,1.5
1595,1,2,NA,2,2,2
1410,4,2.75,1.71,5,1,2.5
1548,1,1,NA,1,1,1
1655,1,2,NA,2,2,2
1654,1,1,NA,1,1,1
1027,3,2.67,1.53,4,1,3
1482,1,4,NA,4,4,4
1657,1,3,NA,3,3,3
1639,3,4.33,0.58,5,4,4
1650,1,4,NA,4,4,4
1196,3,3,1,4,2,3
1660,1,2,NA,2,2,2
1509,5,1.6,0.89,3,1,1
897,2,1.5,0.71,2,1,1.5
1365,2,1.5,0.71,2,1,1.5
1661,1,1,NA,1,1,1
1423,4,2.25,0.96,3,1,2.5
1515,1,4,NA,4,4,4
1658,3,3,1,4,2,3
1621,1,1,NA,1,1,1
1662,2,2.5,2.12,4,1,2.5
1646,2,3.5,0.71,4,3,3.5
1632,1,3,NA,3,3,3
1618,1,1,NA,1,1,1
1647,1,3,NA,3,3,3
1429,4,2.75,2.06,5,1,2.5
1643,4,3.75,1.5,5,2,4
987,4,2.5,1,3,1,3
1581,1,1,NA,1,1,1
1584,1,1,NA,1,1,1
1669,1,2,NA,2,2,2
1664,4,3.25,1.5,4,1,4
1613,1,4,NA,4,4,4
911,4,2.5,0.58,3,2,2.5
1130,1,4,NA,4,4,4
1663,1,2,NA,2,2,2
1652,3,1.67,1.15,3,1,1
1467,2,5,0,5,5,5
1634,1,2,NA,2,2,2
1256,3,2,1,3,1,2
1606,1,2,NA,2,2,2
1544,3,2.67,1.53,4,1,3
1622,3,2.33,1.53,4,1,2
1329,1,1,NA,1,1,1
1494,1,1,NA,1,1,1
1672,2,2,0,2,2,2
1673,1,3,NA,3,3,3
1382,4,2,1.15,3,1,2
1633,1,3,NA,3,3,3
1677,1,3,NA,3,3,3
1679,1,3,NA,3,3,3
1577,1,1,NA,1,1,1
1666,1,2,NA,2,2,2
1356,3,2.67,1.53,4,1,3
1635,1,3,NA,3,3,3
1433,2,2,1.41,3,1,2
1648,1,2,NA,2,2,2
1573,2,2.5,2.12,4,1,2.5
1551,2,2,1.41,3,1,2
1631,2,3.5,0.71,4,3,3.5
1542,2,3,1.41,4,2,3
1556,2,2,1.41,3,1,2
1678,1,1,NA,1,1,1
1567,1,1,NA,1,1,1
1122,1,5,NA,5,5,5
1201,1,5,NA,5,5,5
1546,1,1,NA,1,1,1
1627,1,3,NA,3,3,3
1676,1,2,NA,2,2,2
1680,1,2,NA,2,2,2
1366,1,1,NA,1,1,1
1611,2,3,0,3,3,3
1668,1,3,NA,3,3,3
1564,1,1,NA,1,1,1
1604,1,4,NA,4,4,4
1574,1,1,NA,1,1,1
1448,3,3.67,1.15,5,3,3
1671,1,1,NA,1,1,1
1625,1,4,NA,4,4,4
1665,1,2,NA,2,2,2
1325,1,1,NA,1,1,1
1670,1,3,NA,3,3,3
1341,1,1,NA,1,1,1
1352,1,1,NA,1,1,1
1636,1,4,NA,4,4,4
1681,1,3,NA,3,3,3
1638,1,3,NA,3,3,3
1667,1,3,NA,3,3,3
1675,1,3,NA,3,3,3
1460,1,3,NA,3,3,3
1594,2,4.5,0.71,5,4,4.5
1626,1,1,NA,1,1,1
1645,1,4,NA,4,4,4
1659,1,1,NA,1,1,1
1682,1,3,NA,3,3,3
1674,1,4,NA,4,4,4
1640,1,3,NA,3,3,3
1637,1,3,NA,3,3,3
1630,1,3,NA,3,3,3
1641,1,3,NA,3,3,3
