"movieID"	"nb.Ratings"	"mean"	"sd"	"max"	"min"	"med"
1	1565	4.14	0.86	5	1	4
2	535	3.18	0.98	5	1	3
3	370	3.02	1.08	5	1	3
4	132	2.69	1.01	5	1	3
5	220	3.03	1.03	5	1	3
6	716	3.88	0.94	5	1	4
7	318	3.39	0.96	5	1	3
8	51	2.96	0.96	5	1	3
9	76	2.78	1.08	5	1	3
10	678	3.58	0.89	5	1	4
11	769	3.8	0.85	5	1	4
12	121	2.34	1.2	5	1	2
13	76	3.21	1	5	1	3
14	121	3.51	0.85	5	1	4
15	110	2.46	1.23	5	1	3
16	514	3.81	0.89	5	1	4
17	639	4.05	0.89	5	1	4
18	115	3.38	0.98	5	1	3
19	310	2.41	1.15	5	1	2
20	127	2.54	0.92	4	1	3
21	1015	3.64	0.94	5	1	4
22	274	3.4	0.98	5	1	3
23	103	2.83	0.96	5	1	3
24	478	3.22	1.06	5	1	3
25	740	3.68	1.08	5	1	4
26	78	3.54	0.99	5	1	4
27	50	2.84	0.96	5	1	3
28	134	4.08	0.87	5	1	4
29	324	4.03	1.02	5	1	4
30	61	3.54	1.01	5	1	3
31	102	3.13	0.96	5	1	3
32	1180	3.94	0.96	5	1	4
33	3	2.67	0.58	3	2	3
34	1305	3.9	1.04	5	1	4
35	52	3.27	0.89	5	1	3
36	692	3.97	0.87	5	1	4
37	8	3.5	1.41	5	1	4
38	19	2.79	1.44	5	1	2
39	1036	3.64	0.95	5	1	4
40	23	3.96	0.82	5	2	4
41	186	3.95	0.85	5	1	4
42	176	2.85	1.01	5	1	3
43	128	3.43	0.92	5	1	4
44	243	2.84	1.03	5	1	3
45	410	3.42	1.02	5	1	3.5
46	125	3.07	0.96	5	1	3
47	882	4.11	0.96	5	1	4
48	273	2.98	1.07	5	1	3
49	19	3.68	0.95	5	2	4
50	1363	4.52	0.75	5	1	5
52	336	3.65	0.89	5	1	4
53	8	4.75	0.46	5	4	5
54	33	2.52	1.2	5	1	2
55	33	3.18	1.13	5	1	3
56	7	1.86	1.21	4	1	1
57	73	3.4	0.98	5	1	3
58	374	4.04	0.93	5	1	4
59	7	2.86	1.46	5	1	3
60	270	3.18	1.05	5	1	3
61	51	3.08	0.91	5	1	3
62	416	3.7	1.03	5	1	4
63	85	2.78	1.06	5	1	3
64	62	2.29	0.91	4	1	2
65	112	2.11	1.13	5	1	2
66	75	1.63	0.78	4	1	1
67	4	3.25	0.96	4	2	3.5
68	47	3.43	0.9	5	1	4
69	247	3.65	1.04	5	1	4
70	699	3.18	1.19	5	1	3
71	71	2.1	1.06	5	1	2
72	65	3.71	1.06	5	1	4
73	164	3.88	1	5	1	4
74	96	3.12	1.05	5	1	3
75	12	1.92	1.08	4	1	1.5
76	144	2.9	1.05	5	1	3
77	24	3.88	0.74	5	2	4
78	39	3.28	1.02	5	1	3
79	85	2.52	1.02	5	1	3
80	39	3.87	0.77	5	2	4
81	134	3.14	1.14	5	1	3
82	64	3.95	0.98	5	1	4
83	27	3.7	0.91	5	2	4
84	16	3	1.32	5	1	3
85	152	3.32	0.97	5	1	3
86	181	3.38	0.92	5	1	3
87	61	2.2	1.03	5	1	2
88	155	2.94	1.04	5	1	3
89	165	3.08	0.87	5	1	3
90	4	3.75	1.26	5	2	4
92	73	2.33	1.01	5	1	2
93	63	2.33	0.93	5	1	2
94	145	3.71	0.96	5	1	4
95	487	2.89	1.05	5	1	3
96	9	4	1	5	2	4
97	33	3.67	1.34	5	1	4
98	3	2.33	0.58	3	2	2
99	38	3.53	0.98	5	1	4
100	91	3.03	0.97	5	1	3
101	184	3.88	0.92	5	1	4
102	47	1.98	0.97	4	1	2
103	26	3.15	1.12	5	1	3
104	526	3.55	1.14	5	1	4
105	299	3.25	1.15	5	1	3
106	10	3.4	1.58	5	1	4
107	200	3.15	1.09	5	1	3
108	7	2.86	1.57	5	1	3
110	1839	4.23	0.94	5	1	4
111	959	4.21	0.85	5	1	4
112	433	3.46	0.92	5	1	4
113	36	3.03	0.77	5	1	3
114	9	3	1	5	2	3
116	34	4.18	1.06	5	1	4
117	69	3.58	0.81	5	2	4
118	53	3.09	1.11	5	1	3
119	10	2.5	1.35	5	1	2.5
120	2	3	0	3	3	3
121	32	4.09	0.64	5	3	4
122	149	2.72	0.99	5	1	3
123	91	3.84	1.09	5	1	4
124	13	3.23	1.24	5	1	3
125	240	3.82	0.99	5	1	4
126	74	1.97	1.13	5	1	2
127	1	1	NA	1	1	1
128	9	4.11	0.78	5	3	4
129	11	3.36	0.81	4	2	4
130	2	4	1.41	5	3	4
131	16	3.06	0.93	5	1	3
132	70	2.39	1.01	5	1	2
134	2	4	0	4	4	4
135	102	2.82	1.08	5	1	3
136	8	3.25	1.49	5	1	4
137	7	3.14	0.9	5	2	3
138	1	4	NA	4	4	4
139	1	4	NA	4	4	4
140	94	3.2	1.14	5	1	3
141	514	3.54	0.96	5	1	4
142	1	1	NA	1	1	1
144	335	3.32	0.91	5	1	3
145	273	3.32	1.03	5	1	3
146	14	2.71	1.49	5	1	2.5
147	149	3.48	1.08	5	1	4
148	18	2.61	1.09	5	1	2
149	30	3.67	0.88	5	1	4
150	948	4.06	0.79	5	1	4
151	416	3.6	0.93	5	1	4
152	48	2.92	1.15	5	1	3
153	585	2.65	1.04	5	1	3
154	127	3.72	0.93	5	1	4
155	69	3.3	1.08	5	1	3
156	54	3.52	1.06	5	1	3
157	141	2.77	1.17	5	1	3
158	197	2.99	1.02	5	1	3
159	94	3.31	0.84	5	1	3
160	428	2.24	1.01	5	1	2
161	572	3.72	0.85	5	1	4
162	372	4.05	1.03	5	1	4
163	407	3.48	1	5	1	4
164	294	3.57	0.87	5	1	4
165	628	3.54	1	5	1	4
166	50	2.64	1.29	5	1	3
167	3	4	1	5	3	4
168	267	2.93	1.11	5	1	3
169	94	1.99	1.03	5	1	2
170	246	3.18	1.16	5	1	3
171	73	3.6	1.09	5	1	4
172	345	2.61	1.13	5	1	3
173	431	2.33	1.06	5	1	2
174	62	2.32	1.16	5	1	2
175	168	3.48	1.2	5	1	4
176	163	3.86	0.87	5	1	4
177	105	2.71	1.19	5	1	3
178	15	3.6	0.74	5	2	4
179	33	2.03	0.95	5	1	2
180	341	3.57	1.09	5	1	4
181	69	1.68	0.93	4	1	1
182	35	3.17	1.12	5	1	3
183	22	3.5	1.01	5	1	4
184	17	3.06	1.09	5	1	3
185	440	2.88	1.01	5	1	3
186	157	2.8	0.97	5	1	3
187	79	3.33	1.05	5	1	3
188	151	3.24	1.12	5	1	3
189	12	3.58	0.9	5	2	3.5
190	72	3.76	1.11	5	1	4
191	53	2.49	0.99	5	1	2
192	1	2	NA	2	2	2
193	162	2.09	1.11	5	1	2
194	176	3.73	0.97	5	1	4
195	132	2.83	0.9	5	1	3
196	433	2.78	0.99	5	1	3
197	16	3.06	1.12	5	1	3
198	453	3.34	1.05	5	1	3
199	91	3.8	1.16	5	1	4
200	12	2.42	1.08	4	1	2.5
201	23	2.7	1.06	4	1	3
202	19	2.63	1.34	5	1	2
203	138	2.99	1.19	5	1	3
204	151	2.93	1.1	5	1	3
205	60	3.68	1	5	2	4
206	64	3.75	1.01	5	1	4
207	161	3.04	1.09	5	1	3
208	492	2.64	1.13	5	1	3
209	37	2.35	1.01	5	1	2
210	32	3.09	0.93	5	1	3
211	26	3.69	0.68	5	2	4
212	10	2.1	1.1	4	1	2
213	86	4.15	0.99	5	1	4
214	21	4.43	0.68	5	3	5
215	125	3.82	1	5	1	4
216	270	3.23	1.21	5	1	3
217	54	2.69	1.1	5	1	3
218	159	3.13	0.99	5	1	3
219	15	2.87	0.92	4	1	3
220	18	1.72	0.96	4	1	1
222	246	3.57	0.86	5	1	4
223	1093	3.97	1.02	5	1	4
224	296	3.41	0.95	5	1	3
225	187	3.16	0.97	5	1	3
226	1	2	NA	2	2	2
227	91	2.58	1	5	1	3
228	9	2.11	1.05	4	1	2
229	83	3.61	0.97	5	1	4
230	266	3.48	0.92	5	1	4
231	510	3.22	1.31	5	1	3
232	252	4.08	0.79	5	1	4
233	179	3.59	1.13	5	1	4
234	109	2.27	1.11	5	1	2
235	701	3.7	1	5	1	4
236	230	3.3	0.97	5	1	3
237	183	3.03	1.05	5	1	3
238	23	2.57	1.24	5	1	3
239	133	2.94	1.19	5	1	3
240	40	2.73	1.18	5	1	3
241	22	3.41	1.22	5	1	3
242	63	3.57	1	5	1	4
243	6	2.33	1.03	3	1	3
244	7	2.14	0.9	3	1	2
245	7	3	0.82	4	2	3
246	520	4.22	0.82	5	1	4
247	377	3.85	0.96	5	1	4
248	110	2.91	0.96	5	1	3
249	195	3.79	0.95	5	1	4
250	26	2.46	1.14	5	1	2.5
251	13	3.54	0.78	5	2	4
252	276	3.28	0.87	5	1	3
253	572	3.55	1.03	5	1	4
254	32	3.06	0.84	5	1	3
255	49	2.02	1.05	5	1	2
256	160	2.68	1.05	5	1	3
257	85	3.24	1.12	5	1	3
258	104	2.44	1.16	5	1	2
259	72	2.82	1.05	5	1	3
260	2246	4.46	0.8	5	1	5
261	236	3.65	0.91	5	1	4
262	129	3.88	0.99	5	1	4
263	19	3.58	1.07	5	1	4
264	4	3.75	0.5	4	3	4
265	587	3.93	1.02	5	1	4
266	550	3.41	1.1	5	1	4
267	106	2.74	1.24	5	1	3
268	42	3.36	0.85	5	1	3.5
269	43	3.53	0.88	5	1	4
270	64	3.06	1.05	5	1	3
271	48	3.19	0.96	5	1	3
272	295	3.74	0.86	5	1	4
273	182	2.98	1.09	5	1	3
274	18	2.44	0.98	4	1	3
275	56	2.52	1.11	5	1	2
276	179	2.7	0.94	5	1	3
277	129	3.16	0.93	5	1	3
278	31	2.77	0.92	5	1	3
279	38	3.66	1.02	5	1	4
280	152	3.52	0.83	5	1	4
281	185	3.65	0.85	5	1	4
282	163	3.19	1.1	5	1	3
283	13	2.92	0.95	4	1	3
286	1	3	NA	3	3	3
287	17	3.06	0.9	5	2	3
288	525	3.11	1.33	5	1	3
289	120	3.33	0.92	5	1	3
290	127	3.94	0.96	5	1	4
291	36	2.17	0.97	5	1	2
292	556	3.3	0.93	5	1	3
293	699	4.12	0.85	5	1	4
294	29	3.17	0.97	5	1	3
295	21	2.76	0.77	4	1	3
296	1681	4.28	0.98	5	1	5
297	23	3	1.24	5	1	3
298	19	3.95	0.71	5	2	4
299	107	3.67	0.99	5	1	4
300	531	3.75	0.82	5	1	4
301	34	3.18	0.97	5	1	3
302	66	3.79	0.97	5	1	4
303	309	2.97	1.04	5	1	3
304	23	3.09	1.08	5	1	3
305	102	2.51	1.07	5	1	2
306	254	4.25	0.86	5	1	4
307	193	4.1	0.95	5	1	4
308	148	4.02	0.9	5	1	4
309	38	3.74	1.08	5	1	4
310	5	2.4	1.14	4	1	2
311	1	3	NA	3	3	3
312	85	2.44	1.03	5	1	2
313	42	2.83	1.08	5	1	3
314	230	3.87	0.95	5	1	4
315	124	2.66	1.19	5	1	3
316	843	3.49	1.01	5	1	4
317	485	3.21	1.02	5	1	3
318	1713	4.54	0.72	5	1	5
319	213	3.9	0.88	5	1	4
320	28	3.46	1	5	1	3.5
321	46	3.8	0.91	5	1	4
322	154	3.64	1.06	5	1	4
324	24	3.92	0.83	5	2	4
325	41	2.59	1.14	5	1	3
326	49	4.35	0.86	5	1	5
327	265	2.59	1.29	5	1	3
328	107	3.03	1.12	5	1	3
329	750	3.39	0.97	5	1	3
330	95	2.63	1.11	5	1	3
331	13	2.92	0.76	4	2	3
332	130	2.58	1.08	5	1	3
333	315	3.51	1.15	5	1	4
334	85	3.78	1.07	5	1	4
335	32	3.41	0.87	5	1	3.5
336	14	2.64	1.28	5	1	2
337	527	3.88	0.88	5	1	4
338	167	2.84	1.04	5	1	3
339	519	3.5	0.94	5	1	4
340	63	3.3	0.96	5	1	3
341	25	4	0.96	5	2	4
342	380	3.65	1	5	1	4
343	34	2.44	1.35	5	1	2
344	575	3.14	1.14	5	1	3
345	354	3.8	1	5	1	4
346	82	3.44	1.02	5	1	4
347	34	3.12	1.15	5	1	3
348	352	3.73	0.91	5	1	4
349	785	3.71	0.84	5	1	4
350	395	3.37	0.87	5	1	3
351	196	3.35	1.04	5	1	3
352	93	3.1	1.11	5	1	3
353	552	3.43	1.09	5	1	4
354	52	3.17	0.94	5	1	3
355	193	2.31	1.01	5	1	2
356	1665	4.08	1.02	5	1	4
357	932	3.74	0.93	5	1	4
358	105	3.08	1.06	5	1	3
359	14	3.21	0.8	5	2	3
360	103	2.51	1.08	5	1	2
361	205	3.44	0.88	5	1	3
362	179	3.37	0.96	5	1	3
363	53	4.21	0.82	5	1	4
364	859	3.9	0.95	5	1	4
365	64	3.16	0.98	5	1	3
366	204	2.83	1.24	5	1	3
367	921	3.28	1.03	5	1	3
368	593	3.54	0.97	5	1	4
369	40	3.25	0.9	5	2	3
370	317	2.93	1.07	5	1	3
371	159	3.15	0.91	5	1	3
372	322	3.19	0.95	5	1	3
373	212	3.87	0.84	5	1	4
374	126	2.08	0.99	5	1	2
375	14	3.21	0.89	5	2	3
376	270	3.24	0.87	5	1	3
377	1239	3.54	0.97	5	1	4
378	103	2.96	0.97	5	1	3
379	342	2.89	1	5	1	3
380	1065	3.65	0.94	5	1	4
381	164	3.24	1.07	5	1	3
382	207	2.94	1.04	5	1	3
383	206	3.3	0.93	5	1	3
384	31	2.9	1.04	5	1	3
385	7	3.43	0.98	5	2	3
386	25	2.56	1.16	4	1	3
387	87	2.71	1.01	5	1	3
388	68	3.62	0.9	5	1	4
389	11	3.82	1.08	5	2	4
390	48	3.56	1.07	5	1	4
391	31	3.19	1.01	5	1	3
392	23	2.7	1.18	5	1	3
393	83	1.86	0.99	5	1	2
394	13	3.62	1.04	5	2	3
396	1	4	NA	4	4	4
397	10	2.6	1.07	4	1	3
398	1	4	NA	4	4	4
401	2	3	1.41	4	2	3
402	1	3	NA	3	3	3
404	3	4	1	5	3	4
405	155	2.13	1.15	5	1	2
406	6	3.83	0.41	4	3	4
407	132	2.93	1.2	5	1	3
408	52	3.27	1.14	5	1	3
409	38	3.05	0.93	5	1	3
410	353	2.88	0.99	5	1	3
411	9	2.67	1.58	5	1	3
412	227	3.57	0.93	5	1	4
413	179	2.44	0.98	5	1	2
414	71	2.66	1.01	5	1	3
415	132	2.53	0.95	5	1	3
416	63	2.56	1.01	5	1	3
417	152	3.44	1.07	5	1	4
418	24	2.33	0.96	4	1	2
419	117	2.21	0.94	4	1	2
420	250	2.5	1.04	5	1	2
421	77	3.39	1.04	5	1	3
422	43	3.19	0.98	5	1	3
423	174	3.09	0.94	5	1	3
424	50	2.56	0.93	4	1	3
425	80	3.6	0.88	5	2	4
426	215	3.05	0.95	5	1	3
427	136	2.39	1.08	5	1	2
428	187	3.88	0.9	5	1	4
429	146	2.38	1.17	5	1	2
430	19	2.53	0.96	4	1	3
431	291	3.69	0.89	5	1	4
432	300	2.6	0.97	5	1	3
433	35	2.74	0.89	5	1	3
434	536	3.08	1.04	5	1	3
435	409	2.64	1.07	5	1	3
436	105	2.67	1.09	5	1	3
437	48	2.1	0.9	4	1	2
438	121	2.64	1	5	1	3
439	2	4.5	0.71	5	4	4.5
440	718	3.8	0.82	5	1	4
441	475	3.71	1.03	5	1	4
442	492	3	1.06	5	1	3
443	23	3.43	1.12	5	1	4
444	61	2.46	1.12	5	1	2
445	72	2.6	1.08	5	1	3
446	186	4.06	0.88	5	1	4
447	25	2.56	0.87	4	1	3
448	174	3.62	1.06	5	1	4
449	49	3.76	1.27	5	1	4
450	176	3.29	0.92	5	1	3
451	78	3.18	0.94	5	1	3
452	24	3.25	0.94	4	1	3.5
453	57	3.16	0.82	5	2	3
454	636	3.52	0.83	5	1	4
455	209	2.59	1.07	5	1	3
456	65	4.03	0.81	5	1	4
457	1508	4.11	0.78	5	1	4
458	58	3.26	1.07	5	1	3
459	112	2.88	1.02	5	1	3
460	29	2.21	1.11	5	1	2
461	70	3.31	1.06	5	1	3
462	18	2.44	0.92	4	1	2.5
463	37	2.78	0.98	5	1	3
464	157	2.73	1.02	5	1	3
465	79	3.42	1.12	5	1	4
466	422	2.78	1.08	5	1	3
467	39	3.1	1.02	5	1	3
468	265	3.29	0.92	5	1	3
469	49	2.98	1.16	5	1	3
470	23	1.74	0.96	4	1	1
471	473	3.66	1.03	5	1	4
472	37	2.81	1.05	5	1	3
473	116	2.22	1.02	5	1	2
474	723	3.85	0.79	5	1	4
475	235	3.89	0.85	5	1	4
476	27	2.81	1	4	1	3
477	154	3.41	0.94	5	1	3.5
478	16	2.56	0.81	4	1	3
479	99	2.73	0.99	5	1	3
480	2023	3.77	0.97	5	1	4
481	223	3.39	0.94	5	1	3
482	140	3.55	1.08	5	1	4
483	56	3.66	0.88	5	2	4
484	24	2.54	1.1	4	1	3
485	365	2.49	1.08	5	1	2
486	44	2.73	1.09	5	1	3
487	48	2.71	1.07	5	1	3
488	25	3.24	0.93	5	1	3
489	71	2.55	0.95	5	1	3
490	132	3.29	0.94	5	1	3
491	162	3.28	0.95	5	1	3
492	254	3.74	0.86	5	1	4
493	231	3.64	0.99	5	1	4
494	315	3.34	0.92	5	1	3
495	34	3.38	1.04	5	1	4
496	31	3.1	1.35	5	1	3
497	507	4	0.89	5	1	4
498	39	2.79	0.98	4	1	3
499	33	2.7	0.92	5	1	3
500	651	3.41	1.01	5	1	3
501	74	3.62	1.19	5	1	4
502	124	1.94	0.93	4	1	2
503	11	3.64	1.03	5	2	4
504	135	2.94	1.11	5	1	3
505	58	2.59	0.99	5	1	2.5
506	83	3.4	1.15	5	1	4
507	241	3.51	0.94	5	1	4
508	409	3.9	0.87	5	1	4
509	468	3.65	1.12	5	1	4
510	33	2.3	1.05	4	1	2
511	114	3.04	1.03	5	1	3
512	130	2.92	1.13	5	1	3
513	51	3.22	0.94	5	1	3
514	265	3.56	0.89	5	1	4
515	347	3.91	0.99	5	1	4
516	188	2.86	0.99	5	1	3
517	297	3.21	0.96	5	1	3
518	123	2.39	1.03	5	1	2
519	160	1.92	0.91	4	1	2
520	281	2.89	1.17	5	1	3
521	89	3.4	0.95	5	1	3
522	66	3.58	1.05	5	1	4
523	98	3.71	0.91	5	1	4
524	367	3.63	0.98	5	1	4
525	18	2.94	1.11	5	1	3
526	7	2.43	1.27	4	1	2
527	1767	4.51	0.76	5	1	5
528	51	2.49	1.12	5	1	2
529	552	3.98	0.8	5	1	4
530	1	4	NA	4	4	4
531	261	3.78	0.99	5	1	4
532	293	3.04	1.22	5	1	3
533	164	2.75	0.99	5	1	3
534	223	3.85	0.93	5	1	4
535	238	3.81	0.98	5	1	4
536	42	3.17	1.12	5	1	3
537	165	3.07	0.95	5	1	3
538	232	3.81	0.88	5	1	4
539	741	3.75	0.96	5	1	4
540	127	2.2	0.97	5	1	2
541	1366	4.28	0.88	5	1	5
542	171	2.69	1.14	5	1	3
543	526	3.4	1.03	5	1	3
544	95	2.75	0.93	5	1	3
545	1	2	NA	2	2	2
546	257	1.89	1.06	5	1	2
547	95	2.91	1.05	5	1	3
548	110	2.57	0.91	5	1	3
549	118	3.83	1.06	5	1	4
550	126	3.06	1.09	5	1	3
551	770	3.7	1.08	5	1	4
552	378	3.29	1	5	1	3
553	435	3.88	1.04	5	1	4
554	24	2.54	0.93	4	1	2.5
555	490	3.94	0.96	5	1	4
556	98	4.3	0.74	5	1	4
557	2	4.5	0.71	5	4	4.5
558	102	2.76	1.12	5	1	3
559	4	2.5	1.91	5	1	2
560	6	3.67	0.52	4	3	4
561	12	3.67	0.98	5	2	4
562	378	3.79	1.03	5	1	4
563	13	3.38	1.04	5	1	4
564	31	2.26	1.03	4	1	2
565	42	3.07	1.09	5	1	3
566	9	2.89	1.05	5	2	3
567	6	3.5	1.05	5	2	3.5
568	25	3.68	0.99	5	1	4
569	75	2.93	0.95	5	1	3
570	19	3.11	1.33	5	1	3
571	31	3.61	0.92	5	2	4
572	2	3	2.83	5	1	3
573	17	3.65	1.11	5	1	4
574	129	3.44	1	5	1	4
575	86	2.81	1.15	5	1	3
576	1	3	NA	3	3	3
577	39	3.03	1.06	5	1	3
578	2	4.5	0.71	5	4	4.5
579	1	2	NA	2	2	2
580	47	3.26	1.11	5	1	3
581	108	4.04	0.91	5	1	4
582	2	3	0	3	3	3
583	21	3.57	1.25	5	1	4
584	1	4	NA	4	4	4
585	322	2.93	1.1	5	1	3
586	514	3.14	1.11	5	1	3
587	854	3.52	1.04	5	1	4
588	1049	3.82	0.95	5	1	4
589	2024	4.06	0.91	5	1	4
590	1110	3.92	1.01	5	1	4
591	2	2	1.41	3	1	2
592	1077	3.61	0.99	5	1	4
593	1949	4.33	0.84	5	1	5
594	583	3.86	0.95	5	1	4
595	793	3.93	1.01	5	1	4
596	377	3.72	0.97	5	1	4
597	808	3.62	1.05	5	1	4
598	4	4.25	0.96	5	3	4.5
599	205	4.08	0.93	5	1	4
600	23	3.04	1.15	5	1	3
601	1	3	NA	3	3	3
602	30	4.03	0.89	5	2	4
603	40	2.77	1.1	5	1	3
605	175	3.23	0.91	5	1	3
606	73	2.18	0.99	5	1	2
608	1928	4.26	0.94	5	1	5
609	58	2.79	1	4	1	3
610	480	3.57	1.06	5	1	4
611	179	2.49	1.26	5	1	3
612	63	2.33	0.93	4	1	2
613	62	3.73	0.99	5	1	4
614	8	2.62	0.92	4	1	3
615	53	3.98	0.99	5	1	4
616	202	3.4	1.02	5	1	3
617	13	3.62	1.12	5	2	3
618	7	2.14	1.46	5	1	2
619	27	2.52	1.05	4	1	2
621	30	3.7	1.02	5	1	4
623	2	3	1.41	4	2	3
624	1	4	NA	4	4	4
626	12	2.33	1.3	4	1	2.5
627	96	3.62	1	5	1	4
628	368	3.88	0.85	5	1	4
630	3	3.67	0.58	4	3	4
631	57	2.18	1.24	5	1	2
632	11	3.82	1.08	5	2	4
633	14	3.64	1.08	5	2	4
634	3	1.67	1.15	3	1	1
635	59	3.59	0.77	5	2	3
637	106	2.53	1.08	5	1	3
638	17	3.24	1.03	5	1	3
639	55	2.55	1.02	4	1	2
640	48	2.75	1	5	1	3
641	1	1	NA	1	1	1
643	2	2.5	0.71	3	2	2.5
644	1	2	NA	2	2	2
645	18	3.61	0.85	5	2	3.5
647	342	3.52	0.82	5	1	4
648	1170	3.45	0.97	5	1	4
649	14	4.14	0.86	5	3	4
650	74	3.5	0.94	5	1	4
651	1	2	NA	2	2	2
652	8	2.88	0.83	4	2	3
653	467	3.25	0.97	5	1	3
655	1	1	NA	1	1	1
656	29	2.72	1.03	5	1	3
657	1	3	NA	3	3	3
659	20	3.65	1.23	5	1	4
660	2	1.5	0.71	2	1	1.5
661	400	3.43	1.04	5	1	4
662	96	3.01	1.03	5	1	3
663	204	3.35	1.11	5	1	3
664	5	3	0.71	4	2	3
665	25	3.92	1.04	5	2	4
666	2	3.5	2.12	5	2	3.5
667	36	1.86	1.02	5	1	2
668	34	4.5	0.93	5	1	5
669	17	4	1.32	5	1	4
670	41	4.37	1.11	5	1	5
671	350	3.72	1.11	5	1	4
672	2	2	0	2	2	2
673	435	2.59	1	5	1	3
674	268	2.99	1.15	5	1	3
678	240	4.22	0.87	5	1	4
679	2	3.5	0.71	4	3	3.5
680	50	3.4	1.2	5	1	3
681	13	4	1.08	5	2	4
682	1	4	NA	4	4	4
684	1	1	NA	1	1	1
685	24	3.38	1.01	5	2	3
687	2	3.5	2.12	5	2	3.5
688	155	2.31	0.98	5	1	2
690	2	2	1.41	3	1	2
691	86	3.14	1.14	5	1	3
692	87	2.15	1.05	5	1	2
694	107	2.65	1.02	5	1	3
695	97	3.24	0.92	5	1	3
696	4	3.25	1.26	5	2	3
697	61	2.51	0.99	5	1	3
698	5	2.2	0.84	3	1	2
700	104	3.29	1.09	5	1	3
702	17	3.76	0.97	5	2	4
703	9	1.67	0.87	3	1	1
704	34	2.35	1.18	4	1	2.5
705	24	3.71	0.81	5	1	4
706	2	2.5	2.12	4	1	2.5
707	210	3.05	0.91	5	1	3
708	527	3.47	0.89	5	1	4
709	111	3.05	1.05	5	1	3
710	35	2.46	1.04	4	1	3
711	46	2.54	1.07	5	1	3
712	1	4	NA	4	4	4
714	120	4.03	0.99	5	1	4
715	38	3.55	1.16	5	1	4
716	16	2.88	1.09	5	2	2.5
717	1	4	NA	4	4	4
718	26	3.42	1.24	5	1	4
719	179	2.83	1.06	5	1	3
720	331	4.4	0.84	5	1	5
722	23	3.78	0.67	5	2	4
724	331	3.04	1.02	5	1	3
725	69	2.65	1.07	5	1	3
726	7	3	0.58	4	2	3
728	178	3.76	0.91	5	1	4
729	1	2	NA	2	2	2
730	1	1	NA	1	1	1
731	36	2.83	0.88	5	1	3
732	3	2.67	1.53	4	1	3
733	1009	3.72	0.97	5	1	4
734	2	3	1.41	4	2	3
735	80	3.38	1.28	5	1	3.5
736	845	3.18	1.13	5	1	3
737	231	2.05	1.1	5	1	2
741	246	4.07	0.95	5	1	4
742	131	2.45	1.1	5	1	2
743	83	2.53	1.25	5	1	3
744	2	1.5	0.71	2	1	1.5
745	513	4.5	0.69	5	1	5
746	28	4.04	0.79	5	3	4
747	41	1.88	1.17	5	1	1
748	314	3.17	0.99	5	1	3
749	3	2.33	1.15	3	1	3
750	1017	4.46	0.8	5	1	5
751	12	3.67	1.44	5	1	4
753	24	3	0.98	4	1	3
754	10	3.4	1.17	5	2	3.5
755	7	3.86	0.38	4	3	4
756	4	3	0.82	4	2	3
757	4	3.75	0.5	4	3	4
758	1	4	NA	4	4	4
759	49	4.16	0.92	5	1	4
760	23	3.52	0.99	5	1	4
761	88	2.72	1.07	5	1	3
762	221	2.17	0.99	5	1	2
764	63	3.3	0.94	5	1	3
765	125	2.63	1.07	5	1	3
766	80	3.65	0.92	5	1	4
767	17	3.35	0.79	5	2	3
769	10	3	1.15	4	1	3
771	11	3.91	0.94	5	2	4
774	1	4	NA	4	4	4
775	7	3.14	1.35	5	1	3
776	3	3.67	0.58	4	3	4
778	592	3.93	1.05	5	1	4
779	39	2.51	0.97	4	1	2
780	1325	3.55	1.09	5	1	4
781	74	3.43	1.07	5	1	4
782	114	2.56	1.03	5	1	3
783	290	3.2	1.04	5	1	3
784	278	2.75	1.12	5	1	3
785	588	3.49	1.12	5	1	4
786	351	3.13	1.02	5	1	3
787	2	5	0	5	5	5
788	714	2.99	1.08	5	1	3
789	2	3	1.41	4	2	3
790	1	3	NA	3	3	3
791	2	3.5	0.71	4	3	3.5
792	1	4	NA	4	4	4
793	9	2.67	1.5	5	1	2
796	2	3	1.41	4	2	3
798	156	2.72	0.99	5	1	3
799	262	3.34	1.03	5	1	3
800	483	4.09	0.92	5	1	4
801	94	3.01	1.19	5	1	3
802	323	3.52	1	5	1	4
803	42	3.71	0.92	5	2	4
804	171	3.06	0.96	5	1	3
805	258	3.59	0.97	5	1	4
806	51	3.27	0.8	5	1	3
807	12	2.92	1.24	4	1	3.5
808	31	3.42	1.06	5	1	3
809	89	2.58	0.96	4	1	3
810	90	1.49	0.84	5	1	1
811	6	3.83	0.98	5	3	3.5
813	42	2.5	1.06	5	1	3
814	1	3	NA	3	3	3
815	4	2.25	1.5	4	1	2
818	138	2.49	1.08	5	1	3
820	1	4	NA	4	4	4
823	4	3.25	1.71	5	1	3.5
824	22	3.95	1.17	5	1	4
827	2	3	0	3	3	3
828	46	3.09	1.19	5	1	3
829	94	2.33	1.11	5	1	2
830	223	2.96	1.08	5	1	3
831	16	3.69	0.87	5	1	4
832	430	3.5	0.92	5	1	4
833	59	2.12	0.97	4	1	2
834	2	2	1.41	3	1	2
835	71	3.07	1.03	5	1	3
836	178	2.67	0.98	5	1	3
837	163	3.52	1.11	5	1	4
838	372	3.84	0.97	5	1	4
839	99	2.2	1.13	5	1	2
840	36	2.44	1.08	5	1	2
841	21	3.62	1.36	5	1	4
842	112	2.66	1.15	5	1	3
844	7	3.57	0.98	5	2	4
846	28	3.86	1.11	5	1	4
847	7	1.86	0.9	3	1	2
848	126	3.53	1.01	5	1	4
849	372	2.49	1.07	5	1	2
850	22	3.64	0.95	5	2	4
851	104	3.46	0.92	5	1	3.5
852	471	3.23	0.94	5	1	3
853	3	4	1	5	3	4
854	5	3.6	1.67	5	1	4
858	1648	4.52	0.79	5	1	5
860	6	3.5	0.55	4	3	3.5
861	207	3.43	0.97	5	1	4
862	24	3.67	0.92	5	2	4
863	6	3.17	0.75	4	2	3
864	8	3.62	1.06	5	2	3.5
865	1	2	NA	2	2	2
866	445	3.79	0.98	5	1	4
867	20	2.1	1.02	4	1	2
868	1	3	NA	3	3	3
869	30	3.03	0.72	4	2	3
870	39	2.1	1.12	4	1	2
872	1	3	NA	3	3	3
874	7	3.43	1.4	5	1	3
875	33	3.61	1.03	5	1	4
876	12	2.83	1.4	5	1	3
877	18	3.39	1.24	5	1	3.5
878	1	4	NA	4	4	4
879	182	2.86	1.07	5	1	3
880	250	2.2	1.07	5	1	2
881	61	2.7	1.12	5	1	3
882	45	2.58	1.08	4	1	3
884	1	3	NA	3	3	3
885	35	2.51	1.27	5	1	2
886	72	3.03	1.03	5	1	3
887	2	2.5	2.12	4	1	2.5
888	34	2.12	1.27	5	1	2
889	1	3	NA	3	3	3
891	136	2.27	1.26	5	1	2
892	113	3.93	0.89	5	1	4
893	46	3.67	0.97	5	1	4
895	2	1	0	1	1	1
896	44	3.43	1.11	5	1	4
897	76	3.74	0.91	5	1	4
898	441	4.31	0.82	5	1	4
899	567	4.27	0.89	5	1	5
900	256	3.83	1	5	1	4
901	128	3.69	1.05	5	1	4
902	507	3.89	0.95	5	1	4
903	689	4.29	0.78	5	1	4
904	782	4.48	0.69	5	1	5
905	291	4.32	0.79	5	1	4
906	141	4.1	0.79	5	1	4
907	85	3.93	0.97	5	1	4
908	1012	4.36	0.75	5	1	4
909	323	4.16	0.83	5	1	4
910	630	4.29	0.83	5	1	4
911	228	4.17	0.85	5	1	4
912	1249	4.4	0.84	5	1	5
913	785	4.39	0.78	5	1	5
914	484	4.14	0.88	5	1	4
915	272	3.98	0.86	5	1	4
916	311	4.19	0.82	5	2	4
917	58	3.79	0.91	5	1	4
918	137	3.76	1.05	5	1	4
919	1283	4.26	0.89	5	1	4
920	893	3.98	1.06	5	1	4
921	235	3.9	0.82	5	1	4
922	336	4.5	0.74	5	1	5
923	860	4.4	0.86	5	1	5
924	1317	4.08	1.04	5	1	4
925	5	3.2	0.84	4	2	3
926	298	4.25	0.85	5	1	4
927	65	3.98	1.04	5	1	4
928	291	4.19	0.82	5	1	4
929	70	3.7	0.89	5	1	4
930	348	4.26	0.76	5	1	4
931	155	3.88	0.86	5	1	4
932	151	3.96	1.06	5	1	4
933	334	4.12	0.81	5	1	4
934	227	3.64	0.96	5	1	4
935	60	3.67	1.08	5	1	4
936	103	4.05	0.8	5	1	4
937	37	3.7	1.1	5	1	4
938	151	3.59	1.09	5	1	4
939	10	3	1.25	5	1	3
940	292	3.94	0.95	5	1	4
941	80	3.65	0.87	5	1	4
942	223	4.22	0.76	5	2	4
943	130	3.92	0.86	5	1	4
944	73	3.74	1	5	1	4
945	194	4.16	0.84	5	1	4
946	133	3.88	1	5	1	4
947	142	4.06	0.87	5	1	4
948	101	3.7	0.87	5	1	4
949	173	3.92	0.88	5	1	4
950	222	4.28	0.73	5	2	4
951	309	4.2	0.82	5	1	4
952	210	3.57	0.89	5	1	4
953	555	4.32	0.9	5	1	5
954	297	4.23	0.82	5	1	4
955	313	4.15	0.98	5	1	4
956	28	3.5	1.04	5	1	3.5
957	29	3.31	1.14	5	1	3
958	8	3.25	1.04	5	2	3
959	43	3.84	0.95	5	1	4
960	16	3.38	1.41	5	1	3.5
961	15	3.13	1.3	5	1	4
962	9	3.78	0.67	5	3	4
963	40	3.52	1.04	5	1	4
964	36	3.31	1.01	5	1	3
965	207	4.07	0.86	5	1	4
966	5	4	0.71	5	3	4
967	17	3.47	1.12	5	2	3
968	536	3.69	1.16	5	1	4
969	822	4.24	0.83	5	1	4
970	31	3.45	1.12	5	1	4
971	211	4.04	0.87	5	1	4
972	2	3	0	3	3	3
973	68	3.91	0.97	5	1	4
974	14	3.79	0.8	5	2	4
975	2	1.5	0.71	2	1	1.5
976	45	3.53	1.12	5	1	4
977	2	2	0	2	2	2
978	75	3.91	1.15	5	1	4
980	4	2.75	1.5	4	1	3
981	3	2.67	2.08	5	1	2
982	66	3.68	0.95	5	1	4
984	26	2.85	1.08	5	1	3
985	4	3.75	1.26	5	2	4
986	182	3.6	1.01	5	1	4
987	27	2.93	0.83	5	1	3
988	52	3.48	1.09	5	1	3.5
989	1	5	NA	5	5	5
990	43	2.63	0.98	4	1	3
991	125	3.59	0.82	5	1	4
992	17	2.71	1.1	5	1	3
993	7	3.43	0.79	5	3	3
994	340	4.09	0.82	5	1	4
996	186	2.84	1.16	5	1	3
997	22	3.45	0.86	5	2	3.5
998	70	3.06	1.05	5	1	3
999	220	3.25	0.92	5	1	3
1000	16	2.94	1.24	5	1	3
1002	7	4.43	0.79	5	3	5
1003	92	2.95	0.86	5	1	3
1004	83	2.66	1.12	5	1	3
1005	103	2.32	1.12	5	1	2
1006	56	3.05	0.96	5	1	3
1007	176	2.9	0.91	5	1	3
1008	67	3.34	0.88	5	1	3
1009	210	3.2	1.04	5	1	3
1010	187	3.31	0.97	5	1	3
1011	104	2.63	0.98	5	1	3
1012	231	3.72	0.95	5	1	4
1013	201	3.57	1.07	5	1	4
1014	99	3.43	1.14	5	1	3
1015	174	3.41	1.06	5	1	4
1016	124	3.23	0.92	5	1	3
1017	209	3.56	0.86	5	1	4
1018	106	3.25	1.06	5	1	3
1019	432	3.72	0.89	5	1	4
1020	298	3.23	0.96	5	1	3
1021	185	2.69	1.12	5	1	3
1022	447	3.78	0.93	5	1	4
1023	160	3.94	1.07	5	1	4
1024	88	3.26	0.95	5	1	3
1025	223	3.6	0.92	5	1	4
1026	7	3.57	1.27	5	1	4
1027	278	3.15	0.97	5	1	3
1028	770	3.88	1.02	5	1	4
1029	445	3.71	0.96	5	1	4
1030	248	3.05	1.03	5	1	3
1031	248	3.44	0.94	5	1	4
1032	404	3.66	0.97	5	1	4
1033	226	3.44	0.97	5	1	3
1034	130	3.66	1.1	5	1	4
1035	675	3.9	1.14	5	1	4
1036	1291	4.11	0.87	5	1	4
1037	472	2.69	1.08	5	1	3
1038	8	3.25	1.04	5	2	3
1039	1	4	NA	4	4	4
1040	3	3.67	0.58	4	3	4
1041	364	4.05	0.93	5	1	4
1042	389	3.49	0.97	5	1	4
1043	77	2.87	1.04	5	1	3
1044	27	3.22	1.01	5	1	3
1046	64	3.98	1.13	5	1	4
1047	343	3.53	1.01	5	1	4
1049	348	3.34	1.05	5	1	3
1050	111	3.86	1.03	5	1	4
1051	76	3.41	1.01	5	1	4
1053	25	2.76	1.13	5	1	3
1054	64	3.22	1.13	5	1	4
1055	13	2.77	1.3	5	1	3
1056	34	3.59	0.86	5	2	4
1057	201	3.55	0.93	5	1	4
1058	8	3.12	1.25	5	1	3
1059	357	3.42	1.15	5	1	4
1060	600	3.98	0.94	5	1	4
1061	281	3.56	0.9	5	1	4
1062	2	2.5	0.71	3	2	2.5
1063	21	3.19	1.21	5	1	3
1064	157	2.92	1.01	5	1	3
1066	130	4.12	0.92	5	1	4
1067	22	3.73	1.24	5	1	4
1068	25	3.64	1.08	5	1	4
1069	86	3.92	0.97	5	1	4
1070	1	3	NA	3	3	3
1071	5	3.4	1.14	5	2	3
1073	966	3.86	1.02	5	1	4
1076	20	3.9	0.91	5	2	4
1077	566	3.99	0.9	5	1	4
1078	288	3.81	0.89	5	1	4
1079	1044	3.94	0.93	5	1	4
1080	708	4	0.93	5	1	4
1081	332	3.58	1	5	1	4
1082	104	3.64	0.75	5	2	4
1083	125	3.52	0.9	5	1	4
1084	512	4.1	0.81	5	1	4
1085	105	3.74	0.93	5	1	4
1086	284	4.08	0.79	5	1	4
1087	15	3.33	1.11	5	1	4
1088	522	3.33	1.16	5	1	3
1089	925	4.1	1.01	5	1	4
1090	860	4.1	0.86	5	1	4
1091	272	2.8	1.06	5	1	3
1092	577	3.57	0.95	5	1	4
1093	504	3.39	0.95	5	1	3
1094	928	3.73	1	5	1	4
1095	442	3.89	1.01	5	1	4
1096	258	3.93	0.99	5	1	4
1097	1732	3.96	0.94	5	1	4
1098	3	2.67	0.58	3	2	3
1099	153	3.99	0.95	5	1	4
1100	317	2.79	1.05	5	1	3
1101	767	3.69	1.02	5	1	4
1102	3	2.33	1.53	4	1	2
1103	283	3.94	0.8	5	2	4
1104	368	4.24	0.83	5	1	4
1105	27	1.63	1.04	5	1	1
1107	3	2	1	3	1	2
1111	75	4.07	0.86	5	1	4
1112	25	3.28	1.06	5	1	3
1113	36	2.89	1.12	5	1	3
1114	27	2.96	1.06	5	1	3
1116	10	3.5	0.71	5	3	3
1117	12	4.25	0.97	5	2	4.5
1119	28	3.14	0.85	4	1	3
1120	330	3.6	0.82	5	1	4
1121	9	3.22	0.67	4	2	3
1123	25	3.64	1.15	5	1	4
1124	327	3.72	0.99	5	1	4
1125	292	3.77	0.91	5	1	4
1126	259	2.38	1.18	5	1	2
1127	1275	3.7	0.95	5	1	4
1128	124	2.83	1.06	5	1	3
1129	675	3.45	0.96	5	1	4
1130	174	3.28	1.02	5	1	3
1131	172	4.32	0.86	5	1	5
1132	164	4.24	0.84	5	1	4
1133	1	3	NA	3	3	3
1134	1	3	NA	3	3	3
1135	307	3.15	0.91	5	1	3
1136	1215	4.33	0.87	5	1	5
1138	7	3.86	1.46	5	1	4
1139	1	4	NA	4	4	4
1142	1	1	NA	1	1	1
1144	15	3.73	0.7	5	3	4
1145	2	2.5	0.71	3	2	2.5
1147	197	4.27	0.78	5	1	4
1148	688	4.51	0.71	5	1	5
1149	2	4	0	4	4	4
1150	119	3.91	0.91	5	1	4
1151	26	3.46	1.21	5	1	4
1152	23	3.43	0.99	5	1	3
1153	10	3.6	0.84	5	3	3
1154	11	3.91	0.83	5	3	4
1160	4	1.5	1	3	1	1
1161	74	3.95	1.03	5	1	4
1162	74	3.81	0.95	5	1	4
1163	12	3	1.35	5	1	3
1164	4	3.25	1.71	5	1	3.5
1165	1	1	NA	1	1	1
1167	70	2.84	0.99	5	1	3
1168	16	2.12	1.09	4	1	2
1169	28	3.96	0.88	5	2	4
1170	12	1.58	0.67	3	1	1.5
1171	321	3.73	0.95	5	1	4
1172	466	4.28	0.85	5	1	4
1173	151	3.34	1.22	5	1	3
1174	5	3.8	1.1	5	2	4
1175	277	3.98	1	5	1	4
1176	98	3.91	0.99	5	1	4
1177	117	4.02	0.92	5	1	4
1178	163	4.42	0.85	5	1	5
1179	682	3.81	0.93	5	1	4
1180	38	3.82	1.06	5	1	4
1181	6	2.67	0.82	4	2	2.5
1183	750	3.57	1.22	5	1	4
1184	67	3.82	0.85	5	2	4
1185	342	4	0.89	5	1	4
1186	437	3.65	0.95	5	1	4
1187	114	3.66	0.82	5	1	4
1188	519	3.95	1.01	5	1	4
1189	191	4.24	0.85	5	1	4
1190	97	3.48	0.98	5	1	4
1191	163	3.09	1.06	5	1	3
1192	80	4.04	0.99	5	1	4
1193	1302	4.4	0.79	5	1	5
1194	164	3.51	1.09	5	1	4
1196	2276	4.3	0.85	5	1	5
1197	1786	4.31	0.83	5	1	5
1198	1931	4.48	0.73	5	1	5
1199	715	4.1	1.05	5	1	4
1200	1422	4.11	0.93	5	1	4
1201	623	4.15	0.89	5	1	4
1202	56	3.61	1.02	5	1	4
1203	453	4.26	0.84	5	1	4
1204	632	4.41	0.82	5	1	5
1205	171	3.33	1.32	5	1	4
1206	937	4.06	1.12	5	1	4
1207	712	4.45	0.76	5	1	5
1208	906	4.25	0.92	5	1	4.5
1209	142	4	1.01	5	1	4
1210	2211	4.02	0.93	5	1	4
1211	187	4.15	0.99	5	1	4
1212	362	4.47	0.73	5	1	5
1213	1249	4.27	0.89	5	1	4
1214	1522	4.17	0.9	5	1	4
1215	721	3.8	1.05	5	1	4
1216	61	3.62	1.04	5	1	4
1217	265	4.26	0.87	5	1	4
1218	171	4.19	0.98	5	1	4
1219	956	4.21	0.89	5	1	4
1220	1025	3.94	0.96	5	1	4
1221	1270	4.37	0.86	5	1	5
1222	962	4.12	0.88	5	1	4
1223	361	4.39	0.77	5	1	5
1224	314	4.3	0.79	5	1	4
1225	1074	4.26	0.82	5	1	4
1226	167	4.04	0.88	5	1	4
1227	178	3.88	0.9	5	1	4
1228	517	4.18	0.89	5	1	4
1230	1026	4.13	0.97	5	1	4
1231	578	4.1	0.81	5	1	4
1232	36	3.78	1.2	5	1	4
1233	728	4.29	0.82	5	1	4
1234	796	4.32	0.78	5	1	4
1235	511	4.17	0.91	5	1	4
1236	66	4.17	0.87	5	2	4
1237	242	4.25	0.99	5	1	5
1238	261	4.03	0.98	5	1	4
1240	1588	4.14	0.86	5	1	4
1241	55	3.42	1.38	5	1	4
1242	828	4.2	0.76	5	1	4
1243	252	4.02	1.03	5	1	4
1244	542	4.09	0.86	5	1	4
1245	266	4.04	0.91	5	1	4
1246	646	4.03	0.88	5	1	4
1247	975	4.23	0.84	5	1	4
1248	401	4.2	0.89	5	1	4
1249	568	4	0.88	5	1	4
1250	720	4.39	0.76	5	1	5
1251	172	4.13	0.96	5	1	4
1252	931	4.35	0.8	5	1	5
1253	428	4.12	0.87	5	1	4
1254	352	4.3	0.79	5	1	4
1255	35	3.6	1.19	5	1	4
1256	441	4.22	0.93	5	1	4
1257	354	3.89	0.9	5	1	4
1258	833	4.09	0.94	5	1	4
1259	1358	4.09	0.8	5	1	4
1260	225	4.33	0.79	5	1	4
1261	411	3.79	1.14	5	1	4
1262	551	4.38	0.68	5	2	4
1263	520	4.09	0.97	5	1	4
1264	201	4.03	0.89	5	1	4
1265	1709	3.95	0.94	5	1	4
1266	750	4.08	0.93	5	1	4
1267	589	4.3	0.79	5	1	4
1268	236	3.49	0.94	5	1	4
1269	518	4.17	0.84	5	1	4
1270	1943	4	0.86	5	1	4
1271	447	3.77	0.97	5	1	4
1272	484	4.24	0.82	5	1	4
1273	100	4.03	0.92	5	1	4
1274	338	3.91	1	5	1	4
1275	553	3.83	0.99	5	1	4
1276	729	4.25	0.8	5	1	4
1277	275	3.86	0.95	5	1	4
1278	933	4.25	0.85	5	1	4
1279	143	3.78	0.97	5	1	4
1280	207	4.16	0.79	5	1	4
1281	146	3.99	0.98	5	1	4
1282	715	3.9	1.09	5	1	4
1283	315	4.21	0.85	5	1	4
1284	394	4.34	0.76	5	1	4
1285	604	3.8	0.98	5	1	4
1286	212	3.6	1.04	5	1	4
1287	551	4.09	0.9	5	1	4
1288	858	4.16	0.97	5	1	4
1289	134	4	1.06	5	1	4
1290	178	3.57	0.88	5	1	4
1291	1249	4.15	0.8	5	1	4
1292	458	4.03	1	5	1	4
1293	524	4.12	0.82	5	1	4
1294	839	4.14	0.9	5	1	4
1295	203	3.51	1.1	5	1	4
1296	441	3.99	1.02	5	1	4
1297	323	3.76	0.94	5	1	4
1298	281	3.68	1.1	5	1	4
1299	534	4.25	0.81	5	1	4
1300	269	4.2	0.86	5	1	4
1301	291	3.96	0.97	5	1	4
1302	589	3.89	0.98	5	1	4
1303	238	4.14	0.85	5	1	4
1304	1082	4.23	0.81	5	1	4
1305	92	3.83	0.96	5	1	4
1306	93	3.63	1.2	5	1	4
1307	1213	4.06	0.9	5	1	4
1310	34	3.44	1.11	5	1	3.5
1311	5	1	0	1	1	1
1312	22	3.32	1.04	5	1	3.5
1313	7	2.43	1.13	4	1	3
1315	3	2.33	0.58	3	2	2
1316	1	4	NA	4	4	4
1317	30	3.13	1.04	5	1	3
1320	713	3.02	1.08	5	1	3
1321	428	3.76	0.94	5	1	4
1322	26	1.81	0.9	3	1	1.5
1323	39	1.38	0.75	4	1	1
1324	18	1.61	0.78	3	1	1
1325	15	1.8	0.94	4	1	2
1326	42	2.14	1.03	5	1	2
1327	275	2.96	1.05	5	1	3
1328	17	2	1.37	5	1	1
1329	31	2.74	1.37	5	1	3
1330	86	2.97	1.1	5	1	3
1331	37	3.27	1.07	5	1	3
1332	75	2.96	1.02	5	1	3
1333	546	3.92	0.89	5	1	4
1334	253	3.11	1.1	5	1	3
1335	16	1.69	1.01	4	1	1
1336	43	2.37	1.07	5	1	2
1337	47	3.51	1.04	5	1	4
1339	510	3.36	1.06	5	1	3
1340	159	3.95	1.07	5	1	4
1341	41	2.95	1.05	5	1	3
1342	207	2.91	1.07	5	1	3
1343	523	3.67	0.84	5	1	4
1344	279	3.9	0.83	5	1	4
1345	420	3.63	0.98	5	1	4
1346	128	3.21	1.01	5	1	3
1347	347	3.44	1.2	5	1	4
1348	187	4.02	1.06	5	1	4
1349	10	2.4	1.58	5	1	2
1350	300	3.64	1.06	5	1	4
1351	31	3.48	0.93	5	2	3
1352	73	2.92	0.92	5	1	3
1353	132	3.05	1.17	5	1	3
1354	203	3.88	1.16	5	1	4
1355	60	2.95	1.27	5	1	3
1356	987	3.7	0.96	5	1	4
1357	422	3.78	0.92	5	1	4
1358	874	4.2	0.85	5	1	4
1359	174	2.55	1.09	5	1	3
1360	2	3.5	2.12	5	2	3.5
1361	124	4.2	1.03	5	1	4
1362	74	4.09	0.85	5	2	4
1363	86	2.97	0.85	5	1	3
1364	2	3.5	0.71	4	3	3.5
1365	45	3.8	1.04	5	1	4
1366	78	3.21	1.06	5	1	3
1367	273	3.02	1.12	5	1	3
1369	5	3.8	1.1	5	2	4
1370	859	3.56	0.95	5	1	4
1371	612	3.1	1.09	5	1	3
1372	767	3.38	1.05	5	1	3
1373	482	2.73	1.14	5	1	3
1374	1124	3.89	0.96	5	1	4
1375	711	3.33	0.92	5	1	3
1376	840	3.63	1.02	5	1	4
1377	786	2.96	0.97	5	1	3
1378	432	3.42	1.04	5	1	4
1379	269	2.88	1.08	5	1	3
1380	623	3.58	1.11	5	1	4
1381	252	2	1.09	5	1	2
1382	96	2.83	1.09	5	1	3
1383	8	1.38	0.74	3	1	1
1384	5	4	0.71	5	3	4
1385	345	3.26	1.03	5	1	3
1386	1	1	NA	1	1	1
1387	1271	4.08	0.94	5	1	4
1388	293	2.59	0.95	5	1	3
1389	176	1.81	0.96	5	1	2
1390	96	3.18	0.85	5	1	3
1391	804	2.93	1.2	5	1	3
1392	163	3.74	0.83	5	1	4
1393	1022	3.77	0.92	5	1	4
1394	1097	4.01	0.99	5	1	4
1395	229	3.31	0.95	5	1	3
1396	832	3.74	0.87	5	1	4
1397	53	3.74	1.06	5	1	4
1398	41	3.15	1.04	5	1	3
1399	81	3.26	0.95	5	1	3
1401	128	3.46	0.91	5	1	3
1404	57	3.11	0.99	5	1	3
1405	369	3	1.22	5	1	3
1406	18	3.44	1.04	5	1	4
1407	673	3.56	1.05	5	1	4
1408	749	3.81	0.97	5	1	4
1409	301	3.07	1.04	5	1	3
1410	66	2.82	1.15	5	1	3
1411	291	3.92	0.94	5	1	4
1412	12	3.92	0.9	5	2	4
1413	39	3.38	1.04	5	1	3
1414	121	3.6	0.88	5	1	4
1415	26	3.46	1.03	5	1	4
1416	210	3.36	1.23	5	1	4
1417	31	2.71	1.22	5	1	3
1419	115	3.91	0.94	5	1	4
1420	5	4.4	1.34	5	2	5
1421	14	2.93	1.73	5	1	3
1422	224	3.03	0.92	5	1	3
1423	11	4.27	1.01	5	3	5
1425	126	3.31	0.94	5	1	3
1426	10	2.6	1.07	5	1	2.5
1427	39	2.31	1.17	5	1	2
1428	37	3.35	1.14	5	1	3
1429	236	3.31	1	5	1	3
1431	185	2.58	1.06	5	1	3
1432	78	2.82	0.99	5	1	3
1433	2	1	0	1	1	1
1434	2	4	0	4	4	4
1436	5	3	1.22	4	1	3
1437	19	3.05	0.97	5	1	3
1438	236	2.83	1.08	5	1	3
1439	33	2.24	1.06	5	1	2
1440	60	2.73	0.84	4	1	3
1441	372	3.46	0.87	5	1	3.5
1442	56	3	0.87	5	1	3
1444	6	3.33	0.82	4	2	3.5
1445	115	2.15	1.13	5	1	2
1446	143	4.08	0.83	5	1	4
1447	36	3.31	0.86	5	1	3
1449	373	4.14	0.89	5	1	4
1450	11	4.09	0.94	5	2	4
1453	122	2.39	1.09	5	1	2
1454	61	3.15	1.11	5	1	3
1455	18	2.67	0.77	4	1	3
1456	39	2.31	1.22	5	1	2
1457	214	3.15	0.9	5	1	3
1458	16	2.56	1.21	5	1	3
1459	293	3.37	0.88	5	1	3
1460	81	2.68	1.21	5	1	3
1461	156	2.58	1.05	5	1	3
1463	24	3	1.02	5	1	3
1464	109	3.39	1.29	5	1	4
1465	89	3.46	0.94	5	1	4
1466	532	3.79	0.77	5	1	4
1468	109	2.62	1.28	5	1	3
1470	1	4	NA	4	4	4
1471	3	3.33	1.15	4	2	4
1472	39	3.23	0.84	5	2	3
1473	32	2.91	1	4	1	3
1474	109	2.38	1.15	5	1	2
1475	62	3.24	1.17	5	1	3
1476	380	3.48	0.98	5	1	4
1477	22	3.41	1.1	5	1	3
1479	438	3.21	1.11	5	1	3
1480	207	3.27	0.99	5	1	3
1482	43	3.37	0.82	5	1	3
1483	111	2.87	1.33	5	1	3
1484	92	3.82	0.96	5	1	4
1485	497	3.45	0.9	5	1	3
1486	5	2.8	0.84	4	2	3
1487	121	3.04	1.07	5	1	3
1488	214	2.9	0.97	5	1	3
1489	29	2.76	1.21	5	1	3
1490	22	1.86	0.89	4	1	2
1493	11	2.73	1.56	5	1	3
1494	14	2.43	1.02	4	1	2.5
1495	36	1.28	0.51	3	1	1
1496	16	3.19	1.17	5	1	3
1497	36	2.19	1.33	5	1	2
1498	97	3.2	0.96	5	1	3
1499	300	2.21	1.03	5	1	2
1500	858	3.82	0.9	5	1	4
1501	13	2.77	1.17	5	1	3
1502	8	3.12	1.46	5	1	3.5
1503	108	2.26	1.02	5	1	2
1504	10	3.4	0.97	5	2	3.5
1507	31	3.26	0.93	4	1	4
1508	29	3.21	0.98	5	1	3
1509	14	3.79	0.8	5	2	4
1510	1	2	NA	2	2	2
1511	18	3.5	0.86	5	2	4
1513	576	3.02	1.03	5	1	3
1514	5	3	0.71	4	2	3
1515	140	2.54	0.92	5	1	3
1516	41	3.73	0.92	5	1	4
1517	903	3.69	1.1	5	1	4
1518	273	3.42	0.93	5	1	4
1519	3	3	1	4	2	3
1520	9	2.67	1	4	1	3
1522	3	2	1	3	1	2
1523	44	2.66	1.1	5	1	2.5
1525	37	2.16	1.07	5	1	2
1526	73	2.44	1.01	5	1	2
1527	1024	3.67	1.09	5	1	4
1528	2	2	1.41	3	1	2
1529	26	3.15	1.22	5	1	3
1531	8	3.75	0.89	5	3	3.5
1532	5	2.6	0.89	3	1	3
1533	18	3.89	0.68	5	2	4
1534	5	4	1.22	5	2	4
1535	73	3.52	1.06	5	1	4
1537	262	4.13	0.78	5	1	4
1538	6	1.67	1.03	3	1	1
1539	5	3.4	1.34	5	2	4
1541	187	3.12	0.95	5	1	3
1542	172	3.49	0.9	5	1	4
1543	5	2.8	1.3	4	1	3
1544	963	3.01	1.07	5	1	3
1545	59	4.07	1.03	5	1	4
1546	32	3.75	1.27	5	1	4
1547	25	3.36	1.08	5	1	4
1548	2	2.5	0.71	3	2	2.5
1549	14	2.79	0.97	4	1	3
1550	52	2.69	1	5	1	3
1551	23	2.78	1.24	5	1	3
1552	747	3.29	1.03	5	1	3
1553	2	2	0	2	2	2
1554	100	3.5	1.16	5	1	4
1555	2	3	1.41	4	2	3
1556	279	1.87	0.87	4	1	2
1558	1	2	NA	2	2	2
1561	2	3	0	3	3	3
1562	453	2.21	1.07	5	1	2
1563	31	3.55	1.12	5	1	4
1564	25	4.08	0.86	5	2	4
1565	10	3.3	1.16	5	2	3
1566	354	3.29	1.06	5	1	3
1567	8	3.5	1.31	5	1	3.5
1569	614	3.44	0.95	5	1	4
1570	14	3.29	1.49	5	1	3.5
1571	33	3.97	0.92	5	1	4
1572	20	3.75	0.97	5	2	3.5
1573	1085	3.43	1.14	5	1	4
1574	11	2.91	1.14	5	1	3
1575	8	3.62	0.92	5	2	4
1579	1	3	NA	3	3	3
1580	1923	3.76	0.91	5	1	4
1581	41	2.8	1.17	5	1	3
1582	47	3.26	1.05	5	1	3
1583	24	2.67	1.01	5	1	3
1584	1064	3.76	1.02	5	1	4
1585	25	3.24	1.51	5	1	3
1586	409	3.04	1.13	5	1	3
1587	446	3.4	1.07	5	1	3
1588	216	3.12	1.12	5	1	3
1589	365	3.32	0.91	5	1	3
1590	377	2.57	1.05	5	1	3
1591	366	2.63	1.1	5	1	3
1592	86	2.52	1.15	5	1	3
1593	122	2.91	0.88	5	1	3
1594	233	3.73	1.08	5	1	4
1595	47	1.74	0.92	4	1	1
1596	24	3.29	1	5	1	3.5
1597	609	3.37	0.98	5	1	3
1598	82	2.63	0.92	5	1	3
1599	50	1.68	1.02	4	1	1
1600	64	2.92	1.03	5	1	3
1601	57	2.81	1.06	5	1	3
1602	30	2.17	1.02	5	1	2
1603	259	2.93	0.97	5	1	3
1604	48	2.83	1.17	5	1	3
1605	73	2.59	1.04	5	1	3
1606	82	2.3	1.1	5	1	2
1608	838	3.6	0.93	5	1	4
1609	41	2.73	1.05	5	1	3
1610	1252	4.05	0.83	5	1	4
1611	170	3.31	1.06	5	1	3
1612	46	3.3	0.94	5	1	3
1613	18	3.06	1.16	5	1	3
1614	330	3.3	1.03	5	1	3
1615	162	3.6	0.92	5	1	4
1616	300	3.11	0.93	5	1	3
1617	1770	4.22	0.84	5	1	4
1619	280	3.44	0.98	5	1	3
1620	282	3.33	0.96	5	1	3
1621	63	3.17	0.85	5	1	3
1622	4	2.5	0.58	3	2	2.5
1623	96	2.19	1.02	5	1	2
1624	36	2.56	1.05	4	1	2
1625	657	3.92	0.87	5	1	4
1626	68	2.51	1.13	5	1	3
1627	200	3.13	1.13	5	1	3
1629	84	3.04	0.96	5	1	3
1631	39	3.72	0.86	5	1	4
1632	18	2.33	0.97	4	1	2
1633	196	3.66	0.91	5	1	4
1635	388	3.79	1	5	1	4
1636	4	2.5	1.29	4	1	2.5
1639	749	3.78	1.03	5	1	4
1640	69	2.54	1.18	5	1	2
1641	914	3.87	0.95	5	1	4
1642	56	3.12	1.11	5	1	3
1643	198	3.86	0.85	5	1	4
1644	371	2.67	1.15	5	1	3
1645	621	3.42	1.07	5	1	4
1646	65	2.63	1.17	5	1	3
1647	73	3.01	0.91	5	1	3
1648	144	3.4	1.09	5	1	4
1649	142	3.81	1.1	5	1	4
1650	39	3.28	0.97	5	1	3
1651	13	2.85	0.99	4	1	3
1652	4	3.25	1.26	5	2	3
1653	811	3.7	0.99	5	1	4
1654	66	3.18	1.35	5	1	3
1655	60	2.42	1.17	5	1	2
1656	12	3.42	0.9	5	2	3.5
1657	16	3.5	0.82	5	2	3
1658	79	3.33	1.01	5	1	3
1659	6	3.17	1.47	5	1	3.5
1660	139	3.55	0.84	5	1	4
1661	66	3.21	0.87	5	1	3
1662	15	2.47	1.41	5	1	3
1663	563	3.88	0.92	5	1	4
1664	3	4	1	5	3	4
1665	152	2.66	1.17	5	1	3
1666	16	2.81	1.17	4	1	3
1667	87	2.8	1.05	5	1	3
1668	28	2.64	0.99	4	1	3
1669	31	3.29	1.27	5	1	3
1670	63	3.49	1.09	5	1	4
1671	18	3.28	0.96	5	2	3
1672	250	3.57	0.83	5	1	4
1673	866	3.77	1.07	5	1	4
1674	800	4.01	0.79	5	1	4
1675	10	3.1	0.88	5	2	3
1676	872	3.15	1.21	5	1	3
1677	29	2.76	1.02	4	1	3
1678	371	3.82	0.93	5	1	4
1679	20	2	1.03	4	1	2
1680	351	3.79	0.95	5	1	4
1681	102	2.2	1.12	5	1	2
1682	763	3.87	0.89	5	1	4
1683	162	3.72	0.88	5	2	4
1684	43	3.72	0.91	5	2	4
1685	5	3.6	0.89	4	2	4
1686	76	3.13	0.91	5	1	3
1687	236	3.12	1.03	5	1	3
1688	228	3.5	1	5	1	4
1689	189	3.18	1.08	5	1	3
1690	602	2.95	1.08	5	1	3
1692	16	2.69	1.2	5	1	3
1693	265	3.69	0.96	5	1	4
1694	363	3.71	1.04	5	1	4
1695	22	3.59	0.8	5	2	4
1696	24	3.5	1.18	5	1	4
1699	121	3.48	1.16	5	1	4
1701	212	3.42	1.07	5	1	4
1702	238	2.58	1.08	5	1	3
1703	45	2.87	1.08	5	1	3
1704	1184	4.19	0.82	5	1	4
1707	120	1.91	1.17	5	1	1
1709	1	2	NA	2	2	2
1711	469	3.25	1.06	5	1	3
1713	187	3.01	1.04	5	1	3
1714	1	2	NA	2	2	2
1715	10	2.9	1.37	5	1	3
1717	345	3.01	1.13	5	1	3
1718	6	2.67	1.03	4	1	3
1719	281	4.02	0.93	5	1	4
1720	6	1.33	0.52	2	1	1
1721	1164	3.56	1.19	5	1	4
1722	646	3.4	0.9	5	1	3
1724	1	3	NA	3	3	3
1725	16	3.81	1.33	5	1	4
1726	104	2.86	1.29	5	1	3
1727	161	3.29	1.02	5	1	3
1728	19	3.32	1.11	5	1	3
1729	533	3.73	0.89	5	1	4
1730	133	3.71	0.9	5	1	4
1731	50	2.06	1.13	5	1	2
1732	824	3.75	1.1	5	1	4
1733	57	3.14	0.95	5	1	3
1734	143	3.9	1.05	5	1	4
1735	203	3.21	0.98	5	1	3
1739	37	1.35	0.86	4	1	1
1741	4	3.75	0.96	5	3	3.5
1743	10	3.8	1.4	5	1	4
1744	57	2.65	1.11	5	1	3
1746	43	2.7	1.06	5	1	3
1747	695	3.48	1	5	1	4
1748	677	3.8	1.02	5	1	4
1749	7	3.57	1.27	5	1	4
1750	48	2.12	1.18	5	1	2
1752	163	2.71	1.03	5	1	3
1753	160	3.12	1.25	5	1	3
1754	303	3.39	1.02	5	1	3
1755	22	3.64	1.09	5	1	4
1756	36	2.47	1.13	5	1	2
1758	77	3.61	0.96	5	1	4
1759	39	4	0.69	5	2	4
1760	150	1.84	0.98	5	1	2
1762	164	2.78	1.05	5	1	3
1767	18	2.83	1.04	5	1	3
1769	239	3.15	1.04	5	1	3
1770	15	3.47	0.83	5	2	4
1771	35	2.66	1.21	5	1	3
1772	184	2.41	1.18	5	1	2
1773	1	1	NA	1	1	1
1777	693	3.53	0.94	5	1	4
1779	402	2.69	1.04	5	1	3
1780	4	4.5	1	5	3	5
1782	7	2.57	0.79	4	2	2
1783	172	2.95	1.06	5	1	3
1784	1079	3.96	0.95	5	1	4
1785	141	3.43	0.88	5	1	3
1787	2	3.5	2.12	5	2	3.5
1788	67	4.07	0.96	5	1	4
1791	40	3.05	0.96	5	1	3
1792	336	3.21	0.97	5	1	3
1793	9	2.56	1.42	5	1	2
1794	127	3.44	0.95	5	1	4
1795	2	4.5	0.71	5	4	4.5
1796	4	2	2	5	1	1
1797	129	3.98	0.87	5	1	4
1798	26	2.31	1.12	5	1	2
1799	162	3.37	1.04	5	1	3
1801	310	3.03	1.11	5	1	3
1804	84	3.05	0.96	5	1	3
1805	484	3.45	1.05	5	1	4
1806	125	2.84	1.17	5	1	3
1807	12	3.42	0.9	5	2	3.5
1809	28	3.89	1.37	5	1	4
1810	272	3.56	0.85	5	1	4
1811	11	3.73	1.01	5	1	4
1812	37	3.51	1.24	5	1	3
1814	17	3.41	1.18	5	1	3
1815	1	2	NA	2	2	2
1816	70	2.93	1.07	5	1	3
1817	7	2.86	0.69	4	2	3
1820	1	2	NA	2	2	2
1821	165	3.24	0.91	5	1	3
1822	19	2.16	1.12	4	1	2
1824	84	3.38	1.04	5	1	3
1825	23	2.87	1.1	5	1	3
1826	35	1.63	0.91	4	1	1
1827	81	4.06	0.89	5	1	4
1829	27	3	0.83	5	2	3
1830	1	5	NA	5	5	5
1831	508	2.55	1.11	5	1	3
1832	1	4	NA	4	4	4
1833	188	2.99	1.01	5	1	3
1834	370	3.96	0.92	5	1	4
1835	279	3.28	1.09	5	1	3
1836	100	3.29	1.2	5	1	3
1837	52	2.6	1.19	5	1	3
1839	52	2.31	1	5	1	2
1840	125	3.35	0.79	5	1	3
1841	74	2.91	0.94	5	1	3
1842	2	4	0	4	4	4
1844	18	3.89	0.58	5	3	4
1845	232	3.81	1.01	5	1	4
1846	15	3.07	1.39	5	1	3
1848	130	2.99	1.13	5	1	3
1849	4	2.25	0.96	3	1	2.5
1850	10	2.7	1.25	5	1	2
1851	2	4	0	4	4	4
1853	9	2.11	1.17	4	1	2
1854	39	3.03	0.9	5	1	3
1855	78	2.46	1.16	5	1	2
1856	52	3.12	0.96	5	1	3
1857	16	2.94	1.06	5	1	3
1858	131	3.26	1.07	5	1	3
1859	26	3.42	1.27	5	1	4
1860	36	3.83	0.94	5	1	4
1861	2	3.5	0.71	4	3	3.5
1862	151	2.03	0.98	5	1	2
1863	106	2.2	1.06	5	1	2
1864	9	2.78	1.09	4	1	3
1865	46	3.5	1.03	5	1	4
1866	140	3.08	1.25	5	1	3
1867	27	2.33	1.11	4	1	2
1868	2	2	1.41	3	1	2
1869	40	2.35	1.03	5	1	2
1870	52	3.46	1.04	5	1	4
1871	4	4	0.82	5	3	4
1872	6	3	1.67	5	1	2.5
1873	198	3.72	1.04	5	1	4
1874	22	3.45	1.1	5	2	3
1875	129	3.4	1.03	5	1	3
1876	669	3.15	1.02	5	1	3
1877	3	3	1	4	2	3
1878	11	2	1	4	1	2
1879	13	4	1.08	5	2	4
1880	20	3.3	0.98	5	2	3
1881	57	2.79	1.08	5	1	3
1882	359	2.28	1.1	5	1	2
1883	519	3.4	1.11	5	1	4
1884	219	3.41	1.24	5	1	4
1885	453	3.7	0.97	5	1	4
1886	3	2	1	3	1	2
1887	46	2.5	1.19	5	1	2
1888	305	3.01	1.13	5	1	3
1889	39	3.82	0.82	5	2	4
1890	4	2.75	1.26	4	1	3
1891	8	1.75	1.04	4	1	1.5
1892	317	3.34	0.92	5	1	3
1893	18	3.83	0.79	5	2	4
1894	362	2.96	1	5	1	3
1895	239	3.25	1.08	5	1	3
1896	38	3.05	0.9	5	1	3
1897	105	3.48	1.17	5	1	4
1898	11	3.64	1.03	5	2	4
1899	6	3	1.55	5	1	3
1900	44	4.07	1.07	5	1	4
1901	5	4	1.22	5	2	4
1902	24	3.21	1.28	5	1	3.5
1903	5	3.2	0.84	4	2	3
1904	92	3.51	1.03	5	1	4
1905	1	2	NA	2	2	2
1906	27	3.3	0.99	5	1	3
1907	371	3.77	0.98	5	1	4
1908	1	3	NA	3	3	3
1909	752	3.51	0.88	5	1	4
1910	32	3.81	0.69	5	2	4
1911	378	2.99	0.95	5	1	3
1912	684	3.81	0.93	5	1	4
1913	124	3.8	0.97	5	1	4
1914	284	3.79	0.96	5	1	4
1915	1	4	NA	4	4	4
1916	277	3.45	1.15	5	1	4
1917	842	3.16	1.21	5	1	3
1918	518	3.14	1.11	5	1	3
1919	82	3.17	1	5	1	3
1920	268	2.81	1.07	5	1	3
1921	476	3.8	1.06	5	1	4
1922	42	3.38	1.1	5	1	3
1923	1048	3.92	1.1	5	1	4
1924	200	2.6	1.45	5	1	2
1925	33	4	0.9	5	2	4
1926	24	3.33	1.13	5	1	3
1927	188	4.16	0.88	5	1	4
1928	19	3.58	0.61	4	2	4
1929	64	3.72	0.81	5	1	4
1930	3	3	1.73	4	1	4
1931	174	3.97	0.77	5	1	4
1932	30	3.17	1.15	5	1	3
1933	18	3.33	1.19	5	1	3
1934	52	3.98	1.06	5	1	4
1935	77	4.06	0.78	5	2	4
1936	62	3.98	0.84	5	1	4
1937	51	3.69	1.1	5	1	4
1938	102	3.86	0.83	5	2	4
1939	178	4.15	0.87	5	2	4
1940	65	3.95	0.8	5	2	4
1941	83	3.82	1.16	5	1	4
1942	86	4.03	0.8	5	1	4
1943	43	3.33	1.04	5	1	4
1944	281	4.08	0.88	5	1	4
1945	387	4.24	0.83	5	1	4
1946	161	4.01	0.78	5	2	4
1947	591	4.07	0.98	5	1	4
1948	149	3.84	0.97	5	1	4
1949	162	4.2	0.8	5	1	4
1950	263	4.12	0.82	5	1	4
1951	153	3.71	1.06	5	1	4
1952	510	4.11	0.91	5	1	4
1953	671	4.08	0.82	5	1	4
1954	842	3.95	0.97	5	1	4
1955	340	3.8	0.87	5	1	4
1956	388	3.99	0.94	5	1	4
1957	492	3.73	1.06	5	1	4
1958	404	3.61	1.11	5	1	4
1959	465	3.68	1.07	5	1	4
1960	488	3.98	0.91	5	1	4
1961	1005	4.05	0.82	5	1	4
1962	497	3.89	0.91	5	1	4
1963	196	4.07	0.83	5	1	4
1964	234	3.78	0.87	5	1	4
1965	573	3.63	1.02	5	1	4
1966	154	3.6	1.03	5	1	4
1967	407	3.64	1.02	5	1	4
1968	1187	3.85	0.93	5	1	4
1969	213	2.4	1.17	5	1	2
1970	196	2.65	1.12	5	1	3
1971	185	2.25	1.03	5	1	2
1972	145	1.97	1.03	5	1	2
1973	169	2.17	1.13	5	1	2
1974	231	3.03	1.11	5	1	3
1975	131	2.5	1.15	5	1	3
1976	152	2.07	1.1	5	1	2
1977	125	2.2	1.24	5	1	2
1978	91	2.09	1.25	5	1	2
1979	86	2.14	1.24	5	1	2
1980	69	2.25	1.26	5	1	2
1981	80	1.79	1.14	5	1	1
1982	376	3.74	1.13	5	1	4
1983	153	2.84	1.15	5	1	3
1984	84	2.11	1.28	5	1	2
1985	98	2.43	1.29	5	1	2
1986	86	2.07	1.17	5	1	2
1987	66	2.45	1.04	5	1	2.5
1988	38	2.24	1.05	4	1	2
1989	12	1.42	0.67	3	1	1
1990	15	1.67	1.11	4	1	1
1991	178	2.75	1.14	5	1	3
1992	103	2.2	1.13	5	1	2
1993	80	1.94	1.15	5	1	2
1994	606	3.65	0.96	5	1	4
1995	131	2.44	0.95	5	1	2
1996	84	1.81	1	5	1	2
1997	661	3.98	1.11	5	1	4
1998	94	1.81	0.94	4	1	2
1999	93	2.75	1.27	5	1	3
2000	1231	3.88	0.85	5	1	4
2001	740	3.52	0.93	5	1	4
2002	625	3.27	0.98	5	1	3
2003	577	3.27	0.94	5	1	3
2004	286	2.45	1.14	5	1	2
2005	541	3.48	1.12	5	1	4
2006	735	3.55	0.92	5	1	4
2007	50	2.64	0.92	4	1	3
2008	11	2.55	1.13	4	1	3
2009	308	3.49	0.96	5	1	4
2010	300	4.06	0.93	5	1	4
2011	861	3.32	1	5	1	3
2012	860	3.22	1.04	5	1	3
2013	464	3.47	0.91	5	1	4
2014	143	3.2	1.02	5	1	3
2015	283	3.47	0.94	5	1	4
2016	83	2.61	1.08	5	1	3
2017	125	2.99	1.01	5	1	3
2018	449	3.8	1	5	1	4
2019	474	4.54	0.77	5	1	5
2020	569	3.96	0.91	5	1	4
2021	605	3.34	1.18	5	1	3
2022	193	3.52	1.24	5	1	4
2023	572	3.34	1.06	5	1	3
2024	128	3.35	1.03	5	1	3
2025	152	3.32	0.99	5	1	3
2026	113	2.59	1.11	5	1	3
2027	108	2.44	1.1	5	1	2
2028	1998	4.33	0.84	5	1	5
2029	57	3.65	0.9	5	1	4
2031	29	2.93	1.13	5	1	3
2032	31	3	1	5	1	3
2033	153	3.21	1.13	5	1	3
2034	230	2.84	1.06	5	1	3
2035	48	3.02	1.14	5	1	3
2036	79	2.24	1.12	5	1	2
2037	42	3.6	0.89	5	2	4
2038	146	2.91	1.01	5	1	3
2039	1	1	NA	1	1	1
2040	107	2.99	1	5	1	3
2041	108	2.56	1.16	5	1	3
2042	144	2.62	1.1	5	1	3
2043	121	3.26	1.03	5	1	3
2044	37	2.57	0.99	5	1	3
2045	43	3.42	0.85	5	1	3
2046	394	3.48	0.97	5	1	3.5
2047	17	3.18	1.07	5	1	3
2048	101	3.6	0.87	5	1	4
2049	29	3.45	1.06	5	1	3
2050	81	2.53	1.15	5	1	3
2051	76	2.63	1.19	5	1	3
2052	138	2.94	1.2	5	1	3
2053	280	2.25	1.03	5	1	2
2054	823	2.94	0.93	5	1	3
2055	32	2.94	0.76	5	1	3
2056	12	3.83	0.94	5	2	4
2057	71	3.37	0.83	5	1	3
2058	623	3.62	0.87	5	1	4
2059	198	3.3	1.08	5	1	3
2060	144	3.03	1.22	5	1	3
2061	6	3.5	1.05	5	2	3.5
2062	53	3.25	1.02	5	1	3
2063	7	2.43	1.9	5	1	1
2064	615	4.07	0.96	5	1	4
2065	373	3.58	0.91	5	1	4
2066	89	4.2	0.81	5	2	4
2067	427	4.08	0.96	5	1	4
2068	88	3.86	1.1	5	1	4
2069	111	3.77	0.91	5	1	4
2070	196	3.91	0.99	5	1	4
2071	136	3.94	0.83	5	2	4
2072	223	2.94	1.13	5	1	3
2073	53	3.66	0.98	5	1	4
2074	16	3.44	0.89	5	2	3
2075	62	3.81	0.97	5	1	4
2076	505	3.72	1.08	5	1	4
2077	128	3.55	0.87	5	1	4
2078	502	3.87	0.88	5	1	4
2079	10	3.7	0.48	4	3	4
2080	677	3.81	0.91	5	1	4
2081	791	3.75	1.02	5	1	4
2082	267	2.9	1.06	5	1	3
2083	206	3.63	1.03	5	1	4
2084	72	3.01	1.26	5	1	3
2085	433	3.64	0.96	5	1	4
2086	24	3.54	1.02	5	1	4
2087	434	3.67	0.89	5	1	4
2088	356	2.52	1.06	5	1	2
2089	184	3.24	1	5	1	3
2090	191	3.54	0.94	5	1	4
2091	145	2.76	1.23	5	1	3
2092	125	2.43	1.02	5	1	3
2093	211	2.89	1.19	5	1	3
2094	560	3.11	0.97	5	1	3
2095	84	2.99	0.96	5	1	3
2096	391	3.7	0.95	5	1	4
2097	162	3.42	0.9	5	1	3
2098	57	3.11	1.22	5	1	3
2099	169	3.57	1.05	5	1	4
2100	872	3.4	0.87	5	1	3
2101	14	3.5	1.29	5	2	4
2102	146	3.47	1.08	5	1	3
2103	33	3.06	0.9	5	2	3
2104	44	3.34	0.75	5	1	3
2105	777	3.36	1.04	5	1	3
2106	144	3.25	1.1	5	1	3
2107	152	2.74	1.12	5	1	3
2108	622	3.74	0.91	5	1	4
2109	443	3.72	1.01	5	1	4
2110	290	3.29	0.98	5	1	3
2111	233	3.18	0.99	5	1	3
2112	246	3.47	1	5	1	4
2113	63	2.1	1.16	5	1	2
2114	199	3.69	0.9	5	1	4
2115	851	3.65	1	5	1	4
2116	342	3.37	1.13	5	1	3
2117	220	3.72	0.99	5	1	4
2118	275	3.71	0.91	5	1	4
2119	110	2.35	1.11	5	1	2
2120	181	2.96	1	5	1	3
2121	183	2.79	1.06	5	1	3
2122	171	2.49	1.17	5	1	3
2123	159	2.83	1.06	5	1	3
2124	522	3.18	1.01	5	1	3
2125	324	3.76	0.93	5	1	4
2126	374	2.71	1.02	5	1	3
2127	3	4	1	5	3	4
2128	19	3.26	1.15	5	1	4
2129	6	4.17	0.75	5	3	4
2130	239	3.84	0.87	5	1	4
2131	22	3.73	1.16	5	1	4
2132	226	4.04	1.02	5	1	4
2133	420	3.3	1.02	5	1	3
2134	381	3.44	0.96	5	1	3
2135	176	3.27	0.93	5	1	3
2136	178	3.22	1.02	5	1	3
2137	362	3.85	0.9	5	1	4
2138	233	3.82	0.92	5	1	4
2139	289	3.83	0.98	5	1	4
2140	540	3.65	0.98	5	1	4
2141	308	3.43	1	5	1	3
2142	149	2.95	0.96	5	1	3
2143	275	3.29	1.08	5	1	3
2144	545	3.72	0.9	5	1	4
2145	524	3.38	0.89	5	1	3
2146	281	3.17	0.95	5	1	3
2147	168	2.58	0.98	5	1	3
2148	128	2.87	1.1	5	1	3
2149	82	2.27	1.1	5	1	2
2150	542	3.71	1.03	5	1	4
2151	102	3.16	1.13	5	1	3
2152	50	2.14	1.29	5	1	2
2153	219	2.03	1.08	5	1	2
2154	113	2.76	1.11	5	1	3
2155	215	3.3	0.99	5	1	3
2156	6	3.5	1.52	5	1	3.5
2157	16	3.25	1.29	5	1	3
2158	16	2.56	1.41	5	1	3
2159	168	3.54	1.15	5	1	4
2160	547	3.81	1.05	5	1	4
2161	527	3.62	1.06	5	1	4
2162	133	2.43	1.19	5	1	2
2163	157	2.52	1.15	5	1	2
2164	13	1.92	1.04	4	1	2
2165	75	3.32	1.14	5	1	3
2166	107	3.57	0.98	5	1	4
2167	620	3.51	1.09	5	1	4
2168	60	3.05	1.02	5	1	3
2169	101	2.74	1.18	5	1	3
2170	94	2.51	1.24	5	1	2
2171	149	3.66	1.05	5	1	4
2172	4	3.25	0.5	4	3	3
2173	90	3.62	1.1	5	1	4
2174	1162	3.59	0.97	5	1	4
2175	13	4.08	0.76	5	3	4
2176	129	3.91	0.83	5	1	4
2177	65	3.25	0.92	5	1	3
2178	74	3.62	0.84	5	1	4
2179	30	3.2	1	5	1	3
2180	39	3.31	0.89	5	1	3
2181	84	3.63	0.92	5	1	4
2182	80	3.56	0.93	5	1	4
2183	138	3.91	0.89	5	1	4
2184	115	3.61	0.94	5	1	4
2185	14	3.57	0.85	5	2	4
2186	363	4.28	0.83	5	1	4
2187	18	3.5	0.86	5	2	3.5
2188	204	2.72	1.06	5	1	3
2189	17	3.47	0.72	5	2	3
2190	44	2.84	0.99	5	1	3
2191	8	2.88	0.99	4	1	3
2192	4	2.5	1.73	5	1	2
2193	611	3.49	1	5	1	4
2194	852	4	0.79	5	1	4
2195	98	3.01	1.11	5	1	3
2196	21	2.43	1.03	5	1	2
2197	8	4.12	1.36	5	2	5
2198	2	4	1.41	5	3	4
2200	6	2.5	0.55	3	2	2.5
2201	14	3.36	0.93	5	2	3
2202	167	3.89	0.92	5	1	4
2203	168	4.21	0.87	5	1	4
2204	64	3.77	0.81	5	1	4
2205	30	3.53	1.14	5	1	4
2206	122	4.04	0.89	5	1	4
2207	6	2.67	1.03	4	1	3
2208	151	4.11	0.9	5	1	4
2209	7	3.14	1.46	5	1	3
2210	45	3.69	0.85	5	1	4
2211	15	3.53	1.25	5	1	4
2212	95	3.77	0.94	5	1	4
2214	1	3	NA	3	3	3
2215	10	3.5	0.97	5	2	4
2217	1	1	NA	1	1	1
2219	10	3.4	1.07	5	1	3.5
2221	7	2.57	1.51	4	1	3
2223	3	3.33	0.58	4	3	3
2227	16	3.31	1.2	5	1	3.5
2231	255	3.61	0.82	5	1	4
2232	182	3.42	1.13	5	1	4
2233	3	1.67	0.58	2	1	2
2234	4	1.75	0.96	3	1	1.5
2235	1	2	NA	2	2	2
2236	156	3.69	1	5	1	4
2237	33	3.67	0.85	5	2	4
2238	60	3.78	1.24	5	1	4
2239	71	3.62	1.23	5	1	4
2240	179	3.47	0.93	5	1	4
2241	93	2.75	0.99	5	1	3
2242	5	2.6	1.14	4	1	3
2243	604	3.75	0.86	5	1	4
2244	6	2	1.26	4	1	1.5
2245	393	3.46	0.87	5	1	4
2246	9	2.89	0.78	4	1	3
2247	286	3.06	0.91	5	1	3
2248	687	4.02	0.86	5	1	4
2249	178	3.24	1.01	5	1	3
2250	46	3.24	1.06	5	1	3
2251	2	3.5	0.71	4	3	3.5
2252	144	3.05	0.98	5	1	3
2253	320	2.59	1.21	5	1	2
2254	1	2	NA	2	2	2
2255	61	2.67	0.96	5	1	3
2256	20	2.35	1.14	4	1	2
2257	12	3.08	1.16	5	1	3
2258	2	3	1.41	4	2	3
2259	151	2.63	1.04	5	1	3
2260	36	2.81	1.17	5	1	3
2261	127	3.24	0.97	5	1	3
2262	255	3.2	0.91	5	1	3
2263	126	3.11	1.01	5	1	3
2264	59	2.56	0.99	5	1	3
2265	64	2.08	1.13	4	1	2
2266	149	2.89	0.95	5	1	3
2267	60	3.05	0.96	5	1	3
2268	810	3.94	0.86	5	1	4
2269	165	2.68	0.92	5	1	3
2271	50	3.36	0.85	5	1	3
2272	84	3.48	0.94	5	1	4
2273	476	3.51	0.92	5	1	4
2275	48	3.1	1.39	5	1	3
2276	58	3.74	0.85	5	1	4
2278	581	3.54	0.96	5	1	4
2279	169	2.67	1.11	5	1	3
2280	96	3.36	0.94	5	1	3
2281	7	3.57	0.98	5	2	4
2282	232	3.5	1.08	5	1	4
2283	46	2.93	0.95	5	1	3
2284	29	3.76	1.02	5	1	4
2285	44	3.77	0.89	5	1	4
2286	29	2.52	1.18	5	1	3
2287	208	3.41	1.02	5	1	3
2288	574	3.78	1	5	1	4
2289	741	3.98	0.87	5	1	4
2290	97	3.21	0.98	5	1	3
2291	1129	3.6	0.97	5	1	4
2292	16	2.75	1	4	1	3
2293	23	3.22	0.95	5	1	3
2294	481	3.48	0.95	5	1	4
2295	57	3.77	0.91	5	2	4
2296	116	2.45	1.2	5	1	2
2297	278	3.1	1.17	5	1	3
2298	12	1.75	0.87	3	1	1.5
2299	3	3.67	0.58	4	3	4
2300	505	4.16	0.87	5	1	4
2301	272	3.58	1.1	5	1	4
2302	819	3.79	0.88	5	1	4
2303	243	3.95	1	5	1	4
2304	3	3.33	1.15	4	2	4
2305	20	3.6	1.19	5	1	4
2306	63	2.52	1.24	5	1	3
2307	27	2.48	1.19	5	1	3
2309	2	4.5	0.71	5	4	4.5
2310	101	3.74	0.9	5	1	4
2311	375	3.42	0.96	5	1	3
2312	245	3.85	0.84	5	1	4
2313	338	3.98	0.84	5	1	4
2314	74	3.16	1.32	5	1	3
2315	103	2.33	1.31	5	1	2
2316	183	2.94	1.03	5	1	3
2317	5	2.4	1.14	4	1	2
2318	249	3.92	1.14	5	1	4
2320	143	3.1	0.98	5	1	3
2321	882	3.71	0.9	5	1	4
2322	227	2.93	1.1	5	1	3
2323	26	4.23	0.76	5	3	4
2324	881	4.35	0.92	5	1	5
2325	89	3.09	1.32	5	1	3
2326	8	3.5	1.07	5	2	3
2327	76	2.91	1	5	1	3
2328	131	2.79	1.22	5	1	3
2329	492	4.24	0.86	5	1	4
2330	72	4.15	0.96	5	1	4
2331	146	3.27	0.97	5	1	3
2332	5	3.2	1.79	5	1	3
2333	425	3.79	0.95	5	1	4
2334	292	3.1	0.91	5	1	3
2335	314	2.91	1.25	5	1	3
2336	715	4.04	0.89	5	1	4
2337	101	3.18	1.19	5	1	3
2338	222	2.23	1.16	5	1	2
2339	21	3	0.77	4	1	3
2340	261	3.21	1.05	5	1	3
2341	34	3.44	0.79	5	2	3
2342	8	4	0.93	5	3	4
2343	2	2	0	2	2	2
2344	141	3.49	1	5	1	4
2345	30	3.4	0.77	5	2	3
2346	222	3.29	0.95	5	1	3
2347	75	3.71	0.78	5	1	4
2348	239	3.53	0.94	5	1	4
2349	127	3.55	0.81	5	1	4
2350	16	2.81	1.05	5	1	3
2351	78	4.15	1.12	5	1	5
2352	611	3.89	0.93	5	1	4
2353	757	3.68	0.9	5	1	4
2354	106	2.75	1.21	5	1	3
2355	1304	3.85	0.89	5	1	4
2356	78	2.91	1.07	5	1	3
2357	161	4.25	0.72	5	1	4
2358	4	4	0.82	5	3	4
2359	552	3.87	0.94	5	1	4
2360	94	4.27	0.96	5	1	5
2361	118	3.37	1.26	5	1	4
2362	42	3	1.41	5	1	3
2363	220	3.34	1.21	5	1	3
2364	100	2.78	1.15	5	1	3
2365	104	2.86	1.25	5	1	3
2366	581	3.71	1.02	5	1	4
2367	239	2.75	1.03	5	1	3
2368	44	1.57	0.7	3	1	1
2369	637	2.99	1.02	5	1	3
2370	112	3.46	0.88	5	1	4
2371	473	3.59	1.02	5	1	4
2372	176	2.96	1.15	5	1	3
2373	132	2.52	1.09	5	1	3
2374	192	2.89	0.89	5	1	3
2375	325	2.94	1	5	1	3
2376	251	3.25	0.92	5	1	3
2377	133	2.92	1.08	5	1	3
2378	329	2.99	1.04	5	1	3
2379	163	2.38	1.03	5	1	2
2380	157	2.02	1.02	5	1	2
2381	125	1.95	1.04	5	1	2
2382	115	1.76	0.98	5	1	1
2383	108	1.66	0.95	5	1	1
2384	402	3.3	1.23	5	1	3
2385	108	2.55	0.97	5	1	3
2386	41	1.9	1.02	4	1	2
2387	176	2.73	1.25	5	1	3
2388	15	3.47	1.19	5	1	4
2389	195	2.6	1.19	5	1	3
2390	260	3.71	0.97	5	1	4
2391	546	3.74	0.96	5	1	4
2392	150	2.27	1.1	5	1	2
2393	621	3.33	1.03	5	1	3
2394	439	3.55	1.02	5	1	4
2395	918	3.81	1.07	5	1	4
2396	1790	4.13	0.93	5	1	4
2397	15	3.33	0.82	4	2	4
2398	285	3.96	0.95	5	1	4
2399	153	2.69	1.14	5	1	3
2400	37	2.73	0.96	5	1	3
2401	233	3.75	0.84	5	1	4
2402	308	2.84	1.04	5	1	3
2403	301	3.55	1.05	5	1	4
2404	211	2.31	1.04	5	1	2
2405	478	3.17	0.94	5	1	3
2406	1010	3.71	0.87	5	1	4
2407	761	3.51	0.89	5	1	4
2408	193	2.56	0.99	5	1	3
2409	341	3.21	0.99	5	1	3
2410	302	2.91	1.06	5	1	3
2411	293	2.63	1.15	5	1	3
2412	215	2.15	1.11	5	1	2
2413	340	3.25	1.11	5	1	3
2414	284	3.39	0.92	5	1	3
2415	7	2.57	0.98	4	2	2
2416	266	3.16	1.04	5	1	3
2417	56	2.84	0.97	5	1	3
2418	86	3.07	0.92	5	1	3
2419	54	3.15	0.96	5	1	3
2420	362	3.39	0.91	5	1	3.5
2421	354	2.66	0.96	5	1	3
2422	216	2.1	0.94	5	1	2
2423	405	3.58	1.07	5	1	4
2424	645	3.4	1.04	5	1	3
2425	38	3.66	0.71	5	2	4
2426	23	3	1.38	5	1	3
2427	615	3.41	1.2	5	1	4
2428	400	2.77	1.03	5	1	3
2429	140	2.86	0.98	5	1	3
2430	104	3.02	1.06	5	1	3
2431	349	3.12	1.22	5	1	3
2432	114	3.11	0.98	5	1	3
2433	472	3.34	0.86	5	1	3
2434	49	3.67	0.88	5	2	4
2435	81	3.01	1.17	5	1	3
2436	96	3.67	1.02	5	1	4
2437	67	3.66	0.71	5	2	4
2438	1	4	NA	4	4	4
2439	152	3.59	1.01	5	1	4
2440	37	3.3	1	5	1	3
2441	21	2.9	1.04	5	1	3
2442	119	3.78	0.88	5	1	4
2443	101	3.64	1.04	5	1	4
2444	5	4	1	5	3	4
2445	60	2.78	1.06	5	1	3
2446	47	2.53	1.16	5	1	2
2447	204	3.11	1.08	5	1	3
2448	143	2.29	1.08	5	1	2
2449	21	1.43	0.75	3	1	1
2450	330	2.14	1.1	5	1	2
2451	89	2.76	1.09	5	1	3
2452	12	1.75	1.42	5	1	1
2453	126	3.25	0.94	5	1	3
2454	373	3.36	1.05	5	1	3
2455	810	3.44	0.99	5	1	4
2456	210	2.28	1.01	5	1	2
2457	202	3.44	0.9	5	1	4
2458	97	2.47	0.99	5	1	3
2459	192	3.21	1.3	5	1	3
2460	92	2.41	1.25	5	1	2
2461	43	2.05	1.09	5	1	2
2462	46	1.83	1.16	5	1	1
2463	363	3.45	0.96	5	1	4
2464	6	2.67	0.82	4	2	2.5
2465	33	2	1.06	5	1	2
2466	12	3.42	1	5	2	3
2467	248	3.83	0.9	5	1	4
2468	274	2.82	1.15	5	1	3
2469	398	3.3	0.95	5	1	3
2470	701	3.44	0.89	5	1	3
2471	324	2.62	0.99	5	1	3
2472	63	2.95	0.73	5	1	3
2473	143	2.43	0.95	5	1	2
2474	282	3.45	0.8	5	1	4
2475	107	3.26	0.94	5	1	3
2476	231	3.35	0.89	5	1	3
2477	30	2.27	1.05	4	1	2.5
2478	431	3.1	1.13	5	1	3
2479	33	2.39	1.09	5	1	3
2480	1	5	NA	5	5	5
2481	26	3.58	0.81	5	2	4
2482	24	3.5	1.02	5	1	3.5
2483	20	2.95	1.76	5	1	3
2485	309	3.05	1.01	5	1	3
2486	9	1.78	0.67	3	1	2
2487	6	2.33	1.21	4	1	2.5
2488	60	3.88	1.01	5	1	4
2490	583	3.51	0.92	5	1	4
2491	93	2.71	1.13	5	1	3
2492	107	2.85	1.14	5	1	3
2493	21	4.24	1.09	5	1	5
2494	23	3.96	0.98	5	1	4
2495	75	3.49	1.26	5	1	4
2496	274	3.35	0.95	5	1	3
2497	121	2.74	1.19	5	1	3
2498	92	2.37	1.16	5	1	2
2499	41	3.51	1.16	5	1	4
2500	93	2.59	1.11	5	1	3
2501	443	4.14	0.86	5	1	4
2502	657	3.83	0.97	5	1	4
2503	7	4.86	0.38	5	4	5
2504	136	2.9	1.1	5	1	3
2505	211	2.86	1.11	5	1	3
2506	124	3.4	1.14	5	1	4
2507	34	3	1.44	5	1	3
2509	12	2.67	0.98	4	1	2.5
2510	1	3	NA	3	3	3
2511	60	3.83	0.94	5	2	4
2512	9	4.22	1.3	5	1	5
2513	238	2.97	1.14	5	1	3
2514	95	1.96	1.07	5	1	2
2515	38	1.79	0.96	4	1	1.5
2516	37	1.73	1.02	4	1	1
2517	205	3	0.93	5	1	3
2518	223	3.52	0.87	5	1	4
2519	78	3.29	1.03	5	1	3
2520	134	3.1	1.13	5	1	3
2521	59	2.56	1.12	5	1	3
2522	63	2.33	0.95	5	1	2
2523	32	2.44	0.98	4	1	2
2524	208	2.96	0.97	5	1	3
2525	124	2.14	1.06	5	1	2
2526	98	2.31	1	5	1	2
2527	491	3.47	0.98	5	1	4
2528	454	3.48	0.96	5	1	4
2529	891	3.71	1.03	5	1	4
2530	278	2.95	1.08	5	1	3
2531	241	2.81	1.05	5	1	3
2532	268	2.88	1.07	5	1	3
2533	344	3.05	1.04	5	1	3
2534	13	2.46	0.88	3	1	3
2535	95	2.87	0.95	5	1	3
2536	27	1.81	0.88	4	1	2
2537	23	1.91	0.79	4	1	2
2538	4	3.75	1.89	5	1	4.5
2539	471	3.42	0.94	5	1	3
2540	114	3.03	1.02	5	1	3
2541	439	3.2	1.05	5	1	3
2542	465	3.9	1.02	5	1	4
2543	2	3.5	0.71	4	3	3.5
2544	17	2.76	0.83	4	1	3
2545	8	2.38	1.3	4	1	2.5
2546	130	3	0.91	5	1	3
2548	83	2.24	1.05	5	1	2
2549	131	2.2	1.15	5	1	2
2550	133	3.48	1.26	5	1	4
2551	142	3.25	1.17	5	1	3
2552	28	2.07	1.05	4	1	2
2553	156	3.34	1.03	5	1	3.5
2554	103	3.27	1.04	5	1	3
2555	124	1.81	1.01	5	1	1
2556	1	3	NA	3	3	3
2557	3	4.33	0.58	5	4	4
2558	175	2.72	0.93	5	1	3
2559	21	2.67	1.35	5	1	3
2560	128	3.14	1.21	5	1	3
2561	100	2.98	0.93	5	1	3
2562	5	3.8	1.64	5	1	4
2563	1	3	NA	3	3	3
2565	261	3.93	0.96	5	1	4
2566	29	2.41	1.21	5	1	3
2567	240	3.17	0.9	5	1	3
2568	162	2.07	0.96	5	1	2
2569	7	3.57	1.13	5	2	3
2570	83	3.58	0.96	5	1	4
2571	1968	4.31	0.93	5	1	5
2572	503	3.44	0.99	5	1	4
2573	39	3.54	0.85	5	1	4
2574	150	2.69	1.06	5	1	3
2575	112	3.97	0.91	5	1	4
2576	2	1.5	0.71	2	1	1.5
2577	20	3.2	0.77	5	2	3
2578	4	3.5	0.58	4	3	3.5
2579	25	3.76	0.97	5	1	4
2580	536	3.82	0.94	5	1	4
2581	471	3.18	0.98	5	1	3
2582	51	3.06	1.26	5	1	3
2583	174	3.62	0.99	5	1	4
2584	1	3	NA	3	3	3
2585	34	3.79	1.09	5	1	4
2586	17	2.88	1.32	5	1	3
2587	83	3.02	0.95	5	1	3
2589	44	2.89	1.02	5	1	3
2590	33	3	1.12	5	1	3
2591	2	2	1.41	3	1	2
2592	1	3	NA	3	3	3
2593	28	3.75	1.14	5	1	4
2594	48	4.04	0.99	5	1	4
2596	111	3.57	1.04	5	1	4
2597	48	2.65	1.06	5	1	3
2598	399	3.02	1	5	1	3
2599	1137	3.91	0.94	5	1	4
2600	312	3.22	1.19	5	1	3
2602	4	2.25	1.26	4	1	2
2605	586	3.17	0.98	5	1	3
2606	153	2.75	1.31	5	1	3
2607	47	4.13	0.99	5	1	4
2608	5	2.6	0.55	3	2	3
2609	51	4.22	0.88	5	1	4
2610	29	4.07	0.84	5	2	4
2611	118	3.91	0.89	5	1	4
2612	105	4.1	0.83	5	2	4
2613	218	3.1	0.99	5	1	3
2614	34	2.06	0.95	4	1	2
2615	138	3.05	0.94	5	1	3
2616	472	2.67	0.99	5	1	3
2617	764	3.34	1.11	5	1	3
2618	35	3.91	0.92	5	2	4
2619	1	3	NA	3	3	3
2620	29	3.69	0.81	5	2	4
2621	47	3.66	1.05	5	1	4
2622	316	3.31	1.02	5	1	3
2623	4	2.75	1.26	4	1	3
2624	84	4.18	0.98	5	1	4
2625	50	3.16	1.06	5	1	3
2626	25	3.52	1.05	5	1	4
2627	11	3.36	1.03	5	2	4
2628	1688	3.41	1.14	5	1	4
2629	114	2.8	1.02	5	1	3
2630	29	3.52	1.12	5	1	4
2631	3	1.67	1.15	3	1	1
2632	5	3.4	1.82	5	1	4
2633	122	3.44	1.16	5	1	3.5
2634	69	3.25	1.05	5	1	3
2635	28	3.04	1.17	5	1	3
2636	9	2.67	1	4	1	3
2637	26	2.69	1.19	5	1	3
2638	29	2.9	1.11	5	1	3
2639	121	3.25	0.99	5	1	3
2640	917	3.53	0.91	5	1	4
2641	619	3.13	0.98	5	1	3
2642	378	2.34	0.97	5	1	2
2643	264	1.89	0.96	5	1	2
2644	191	3.77	1.11	5	1	4
2645	80	3.31	1.16	5	1	3
2646	31	2.94	1.21	5	1	3
2647	39	3.21	1.26	5	1	3
2648	327	3.96	0.99	5	1	4
2649	44	3.5	1.15	5	1	4
2650	25	2.84	1.31	5	1	3
2651	64	3.23	1.03	5	1	3
2652	40	2.98	1.27	5	1	3
2653	29	2.86	1.16	5	1	3
2654	100	3.73	1	5	1	4
2655	39	1.72	1.02	5	1	1
2656	47	2.68	1.22	5	1	2
2657	945	3.3	1.26	5	1	3
2658	5	3	1	4	2	3
2659	36	3.25	1.02	5	1	3
2660	103	3.85	1.11	5	1	4
2661	76	3.43	1.15	5	1	3
2662	433	3.88	0.88	5	1	4
2663	39	3.05	1.12	5	1	3
2664	484	3.9	0.99	5	1	4
2665	52	3.4	1.19	5	1	4
2666	23	3.04	1.19	5	1	3
2667	45	2.49	1.22	5	1	2
2668	215	2.6	0.92	5	1	3
2669	82	3.8	0.92	5	1	4
2670	160	3.97	0.76	5	1	4
2671	607	3.67	1.01	5	1	4
2672	290	3.22	1.02	5	1	3
2673	3	3.33	2.08	5	1	4
2674	23	2.74	1.32	5	1	3
2675	7	3.29	1.38	5	1	4
2676	201	3.12	1.04	5	1	3
2677	183	4.04	1.01	5	1	4
2678	19	3.16	1.21	5	1	3
2679	5	2.6	1.14	4	1	3
2681	31	3.65	1.2	5	1	4
2682	71	4.06	0.86	5	1	4
2683	1094	3.39	1.14	5	1	4
2685	3	3	1	4	2	3
2686	437	3.98	0.96	5	1	4
2687	343	3.67	1.01	5	1	4
2688	517	3.15	1	5	1	3
2689	32	3.16	1.02	5	1	3
2690	305	3.7	0.95	5	1	4
2691	13	2.92	1.12	5	1	3
2692	824	4.26	0.83	5	1	4
2693	180	3.84	0.94	5	1	4
2694	596	3.18	1.07	5	1	3
2695	7	2.14	1.07	4	1	2
2696	61	3.82	1.07	5	1	4
2697	35	3.6	0.85	5	2	4
2699	1048	3.01	0.98	5	1	3
2700	966	3.76	1.24	5	1	4
2701	682	2.17	1.06	5	1	2
2702	314	3.03	1.06	5	1	3
2704	30	3.13	1.31	5	1	3
2705	6	3	1.79	5	1	3
2706	1038	3.73	1.07	5	1	4
2707	486	3.52	1.01	5	1	4
2708	32	3.88	0.94	5	2	4
2709	177	3.18	1.08	5	1	3
2710	945	3.08	1.32	5	1	3
2711	26	3.46	1.03	5	1	3.5
2712	723	3.18	1.26	5	1	3
2713	334	2.54	1.11	5	1	3
2714	68	3.24	0.98	5	1	3
2715	19	2.11	1.1	5	1	2
2716	1633	3.89	0.88	5	1	4
2717	445	2.89	0.97	5	1	3
2718	295	3.12	1.16	5	1	3
2719	358	2.39	1.06	5	1	2
2720	277	2.13	1.04	5	1	2
2721	61	3.64	1.14	5	1	4
2722	454	2.84	1.05	5	1	3
2723	658	2.97	1.16	5	1	3
2724	498	3.12	1.04	5	1	3
2725	71	3.75	1.05	5	1	4
2726	99	4.09	0.88	5	1	4
2727	25	3.48	0.77	5	2	3
2728	325	4.02	0.84	5	1	4
2729	148	3.84	0.85	5	2	4
2730	130	3.64	1.13	5	1	4
2731	139	4.35	0.85	5	1	5
2732	119	3.96	1.08	5	1	4
2733	37	2.32	1.18	5	1	2
2734	352	3.32	0.92	5	1	3
2735	343	2.87	0.96	5	1	3
2736	169	3.46	0.89	5	1	3
2737	16	3	0.97	4	1	3
2738	66	3.33	0.97	5	1	3
2739	334	3.87	1.03	5	1	4
2740	12	2.5	1	4	1	2.5
2741	50	3.1	1.04	5	1	3
2742	1	2	NA	2	2	2
2743	18	3.22	0.73	5	2	3
2744	30	3.73	0.94	5	2	4
2745	180	3.87	0.96	5	1	4
2746	699	3.33	1.05	5	1	3
2747	270	3.3	1.08	5	1	3
2748	105	2.11	0.98	5	1	2
2749	67	3.31	0.8	5	1	3
2750	220	3.67	0.95	5	1	4
2751	41	2.71	0.98	4	1	3
2752	140	2.98	0.92	5	1	3
2753	43	3.4	0.82	5	2	4
2754	8	2	1.07	4	1	2
2755	24	2.62	1.01	5	1	2.5
2756	26	3.12	0.71	4	2	3
2757	102	3.8	0.81	5	2	4
2758	22	2.77	1.07	5	1	3
2759	315	3.36	0.99	5	1	3
2760	5	3.4	1.52	5	2	3
2761	494	4.09	0.93	5	1	4
2762	1877	4.41	0.79	5	1	5
2763	826	3.63	0.94	5	1	4
2764	222	3.52	1.04	5	1	4
2765	6	2.67	1.51	5	1	3
2766	24	3.54	0.78	5	2	4
2767	19	2.89	1.37	5	1	3
2768	9	3.44	1.24	5	1	4
2769	61	3.26	1	5	1	3
2770	718	3.24	1	5	1	3
2771	131	2.91	1	5	1	3
2772	185	3.05	1.13	5	1	3
2773	7	2.86	1.68	5	1	3
2774	48	3.52	1.17	5	1	4
2775	8	3.25	1.39	5	1	3
2776	11	3.82	1.47	5	1	5
2777	4	2.25	1.5	4	1	2
2778	22	2.55	0.86	4	1	3
2779	267	3.63	0.87	5	1	4
2780	65	3.05	1.04	5	1	3
2781	49	3.1	1.18	5	1	3
2782	83	3.37	1.02	5	1	3
2783	8	2.38	0.92	4	1	2
2784	47	3.38	0.92	5	1	3
2785	19	2.95	1.18	5	1	3
2786	56	2.34	1.12	5	1	2
2787	123	2.93	0.89	5	1	3
2788	366	4.13	0.81	5	1	4
2789	118	3.03	1.03	5	1	3
2790	45	2.67	1.02	5	1	3
2791	1339	3.98	0.98	5	1	4
2792	411	2.91	1.04	5	1	3
2793	203	2.75	1.14	5	1	3
2794	287	2.89	1.09	5	1	3
2795	418	3.85	0.93	5	1	4
2796	168	2.94	1.04	5	1	3
2797	1117	3.85	0.89	5	1	4
2798	124	1.9	0.98	5	1	2
2799	72	1.6	1.04	5	1	1
2800	13	2.77	1.42	5	1	3
2801	68	3.5	1.07	5	1	4
2802	238	3.08	0.8	5	1	3
2803	255	3.27	0.96	5	1	3
2804	1026	4.22	0.92	5	1	4
2805	334	2.87	0.94	5	1	3
2806	154	2.68	1.07	5	1	3
2807	72	1.74	0.92	4	1	1
2808	272	2.55	1.01	5	1	3
2809	17	2.47	1.23	4	1	2
2810	34	3.91	1.11	5	2	4
2811	2	4	0	4	4	4
2812	38	3.21	1.04	5	1	3
2813	20	3.6	1.23	5	1	4
2814	5	2.6	0.55	3	2	3
2815	199	2.55	1.01	5	1	3
2816	115	1.89	0.9	4	1	2
2817	99	1.72	1.01	4	1	1
2818	45	1.69	0.82	3	1	1
2819	243	4.07	0.73	5	2	4
2820	39	3.51	1.14	5	1	4
2821	2	3	1.41	4	2	3
2822	204	3.07	1.01	5	1	3
2823	3	3	2	5	1	3
2824	14	3.93	0.73	5	3	4
2825	3	2	1.73	4	1	1
2826	560	3.14	1.16	5	1	3
2827	253	2.43	1.06	5	1	2
2828	93	2.15	1.09	5	1	2
2829	110	2.91	1.05	5	1	3
2830	8	3.62	1.19	5	1	4
2831	6	3.17	1.17	4	1	3.5
2833	6	3.67	1.37	5	1	4
2834	13	3.38	1.39	5	1	4
2835	41	2.49	0.9	4	1	3
2836	121	3.25	0.83	5	1	3
2837	13	3.08	1.19	5	1	3
2839	8	4.5	0.53	5	4	4.5
2840	329	2.92	1.15	5	1	3
2841	378	3.64	0.89	5	1	4
2842	32	3.31	0.97	5	1	3
2843	15	3.53	1.13	5	1	4
2844	68	3.16	1.11	5	1	3
2845	1	1	NA	1	1	1
2846	133	3.34	1.02	5	1	3
2847	24	4.04	0.69	5	3	4
2848	35	3.97	0.79	5	2	4
2849	24	2.96	1	5	1	3
2850	5	2.6	0.89	4	2	2
2851	107	2.51	0.89	5	1	2
2852	131	3.73	0.71	5	1	4
2853	23	2.78	1.17	5	1	3
2854	8	2.25	0.89	3	1	2.5
2855	5	2.4	1.14	4	1	2
2856	64	2.86	1.1	5	1	3
2857	300	3.71	1.08	5	1	4
2858	2600	4.32	0.97	5	1	5
2859	190	4.19	0.8	5	2	4
2860	102	3.28	1.02	5	1	3
2861	278	3.21	1.19	5	1	3
2862	75	2.52	1.19	4	1	3
2863	404	3.92	1	5	1	4
2864	20	2.9	1.33	5	1	3
2865	13	2.85	0.9	5	2	3
2866	146	3.64	0.76	5	1	4
2867	237	3.42	0.99	5	1	4
2868	45	2.27	0.96	4	1	2
2869	3	2.67	1.53	4	1	3
2870	139	3.66	0.77	5	2	4
2871	551	3.93	0.93	5	1	4
2872	576	3.8	0.96	5	1	4
2873	19	2.68	0.89	4	1	3
2874	53	3.47	0.87	5	1	3
2875	223	3.23	1.04	5	1	3
2876	31	2.65	1.25	5	1	3
2877	154	2.96	1.02	5	1	3
2878	22	2.14	1.13	5	1	2
2879	125	3.42	0.94	5	1	3
2880	54	3.46	1	5	1	4
2881	590	3.19	1.05	5	1	3
2882	92	2.86	1.3	5	1	3
2883	211	3.53	0.93	5	1	4
2884	29	2.62	0.98	5	1	3
2885	47	3.36	0.97	5	1	3
2886	23	2.3	1.43	5	1	2
2887	2	3	1.41	4	2	3
2888	90	2.77	1.18	5	1	3
2889	218	3.44	0.94	5	1	4
2890	782	3.79	0.99	5	1	4
2891	139	3.54	0.97	5	1	4
2892	12	2.5	1.31	5	1	2
2893	34	2.91	1.19	5	1	3
2894	24	2.58	1.06	4	1	3
2895	1	3	NA	3	3	3
2896	22	3.23	0.92	5	1	3
2897	14	3.29	1.2	5	1	3.5
2898	79	2.7	0.97	5	1	3
2899	93	3.59	0.98	5	1	4
2900	119	2.83	1.16	5	1	3
2901	247	3.22	1.11	5	1	3
2902	124	2.45	0.99	5	1	2.5
2903	80	2.1	0.95	4	1	2
2904	13	3.85	0.99	5	1	4
2905	53	4.58	0.63	5	2	5
2906	178	2.31	1.04	5	1	2
2907	164	2.41	1.22	5	1	2
2908	632	4	1.01	5	1	4
2911	4	2.5	1.29	4	1	2.5
2912	361	3.69	1	5	1	4
2913	15	3.6	1.18	5	1	4
2914	9	2.22	1.2	5	1	2
2915	642	3.63	0.92	5	1	4
2916	1522	3.69	0.95	5	1	4
2917	399	4.04	0.82	5	1	4
2918	1104	4.12	0.86	5	1	4
2919	309	3.92	0.86	5	1	4
2920	79	4.15	0.99	5	1	4
2921	246	3.87	0.89	5	1	4
2922	193	3.75	0.8	5	1	4
2923	10	3.7	0.67	5	3	4
2924	109	3.91	1.07	5	1	4
2925	43	4.33	0.71	5	3	4
2926	328	3.34	1.05	5	1	3
2927	75	4.07	1	5	1	4
2928	62	3.32	0.95	5	1	3
2929	168	3.51	1.06	5	1	4
2930	4	4.5	1	5	3	5
2931	7	4	1.15	5	2	4
2932	86	4.05	1.03	5	1	4
2933	5	4.2	0.84	5	3	4
2934	1	4	NA	4	4	4
2935	116	4.19	0.99	5	1	4
2936	122	4.08	0.91	5	1	4
2937	75	4.2	0.87	5	2	4
2938	23	3.74	1.21	5	1	4
2939	44	3.52	0.95	5	1	3.5
2940	85	3.95	0.9	5	1	4
2941	223	3.66	0.93	5	1	4
2942	260	3.1	1.04	5	1	3
2943	124	3.79	0.86	5	2	4
2944	535	4.05	0.81	5	1	4
2945	25	2.56	1	5	1	2
2946	209	3.81	0.95	5	1	4
2947	683	3.99	0.85	5	1	4
2948	606	3.89	0.82	5	1	4
2949	498	3.9	0.81	5	1	4
2950	266	2.29	1.01	5	1	2
2951	392	3.97	0.84	5	1	4
2952	140	3.76	0.87	5	1	4
2953	265	2.38	1.06	5	1	2
2955	3	2.33	1.53	4	1	2
2956	110	3.05	0.88	5	1	3
2959	1074	4.07	1.08	5	1	4
2960	3	2.33	1.15	3	1	3
2961	222	2.79	1.15	5	1	3
2962	6	3.83	1.33	5	2	4
2963	13	3.77	1.09	5	1	4
2964	6	3.5	1.52	5	1	3.5
2965	55	1.98	1.13	5	1	2
2966	327	4.06	0.9	5	1	4
2967	98	3.72	0.99	5	1	4
2968	765	3.69	1	5	1	4
2969	63	4.02	0.98	5	1	4
2970	70	3.9	0.9	5	2	4
2971	243	3.77	1.04	5	1	4
2972	50	4.04	0.99	5	1	4
2973	353	4.03	0.91	5	1	4
2974	47	1.91	1.04	5	1	2
2975	79	3.15	1.09	5	1	3
2976	403	3.03	1.17	5	1	3
2977	34	3.09	1.11	5	1	3
2978	82	2.74	1.08	5	1	3
2979	31	2.19	1.17	5	1	2
2981	13	3.54	1.27	5	1	4
2982	25	1.96	0.89	4	1	2
2983	64	3.95	0.95	5	1	4
2984	6	3.67	1.51	5	1	4
2985	933	3.44	0.98	5	1	4
2986	371	2.4	0.98	5	1	2
2987	1357	3.68	0.96	5	1	4
2988	87	3.59	0.79	5	2	4
2989	305	3.51	0.85	5	1	4
2990	290	3.19	0.96	5	1	3
2991	331	3.63	0.83	5	1	4
2992	21	2.62	1.12	4	1	3
2993	309	3.73	0.83	5	1	4
2994	7	3.71	1.25	5	2	4
2995	271	2.33	1.1	5	1	2
2996	102	3.38	1.18	5	1	3.5
2997	1738	4.12	1.01	5	1	4
2998	9	3.56	1.13	5	2	4
2999	3	3.67	0.58	4	3	4
3000	247	4.09	0.99	5	1	4
3001	4	1.5	0.58	2	1	1.5
3002	28	3.96	0.96	5	1	4
3003	6	2.83	1.17	4	1	3
3004	192	2.51	1.07	5	1	3
3005	482	3.39	0.94	5	1	3
3006	672	4.04	0.85	5	1	4
3007	209	4.09	0.99	5	1	4
3008	37	3.84	1.07	5	1	4
3010	28	3.61	1.1	5	1	4
3011	118	3.6	0.94	5	1	4
3012	8	3.38	1.51	5	1	3
3013	50	3.06	1.13	5	1	3
3014	35	3.03	1.12	5	1	3
3015	108	3.39	0.89	5	1	3
3016	331	3.16	0.93	5	1	3
3017	77	2.57	1.04	5	1	3
3018	194	3.48	1.19	5	1	4
3019	320	3.91	0.95	5	1	4
3020	401	3.46	1.02	5	1	4
3021	24	2.75	1.48	5	1	3
3022	159	4.38	0.96	5	1	5
3024	119	2.41	1.04	5	1	2
3025	12	3.5	0.8	5	2	3.5
3026	8	1.5	1.07	4	1	1
3027	5	1.2	0.45	2	1	1
3028	104	3.8	1.05	5	1	4
3029	152	3.3	0.87	5	1	3
3030	175	4.37	0.89	5	1	5
3031	39	1.97	1.04	4	1	2
3032	158	3.58	1.02	5	1	4
3033	681	3.31	1.17	5	1	3
3034	252	3.75	0.96	5	1	4
3035	323	4.14	0.83	5	1	4
3036	135	3.21	1.16	5	1	3
3037	453	4.01	0.84	5	1	4
3038	51	4.14	0.92	5	1	4
3039	641	3.84	0.79	5	1	4
3040	236	3.33	1	5	1	3
3041	54	1.74	0.91	4	1	1
3042	51	1.47	0.7	3	1	1
3043	32	1.81	1.23	5	1	1
3044	446	3.83	0.83	5	1	4
3045	88	3.14	1	5	1	3
3046	62	3.48	0.99	5	1	4
3047	14	3.57	0.65	5	3	3.5
3048	49	2.31	1.1	5	1	2
3049	27	3.15	0.99	5	1	3
3050	10	3	1.33	5	1	3
3051	127	2.92	0.93	5	1	3
3052	733	3.74	1.11	5	1	4
3053	258	2.98	1.18	5	1	3
3054	108	1.96	1.22	5	1	1
3055	64	3.53	0.93	5	1	4
3056	4	3.75	0.5	4	3	4
3057	1	4	NA	4	4	4
3058	11	2.27	1.1	4	1	3
3060	415	3.87	0.82	5	2	4
3061	204	3.91	0.82	5	1	4
3062	282	4	0.83	5	1	4
3063	103	2.68	1.02	5	1	3
3064	45	2.64	1.11	5	1	3
3066	152	3.73	0.98	5	1	4
3067	269	3.87	0.87	5	1	4
3068	282	3.83	0.76	5	2	4
3069	44	3.91	0.77	5	3	4
3070	481	3.36	1.18	5	1	3
3071	245	3.73	0.77	5	1	4
3072	768	3.8	1	5	1	4
3073	25	3.12	1.01	5	1	3
3074	176	3.82	1.01	5	1	4
3075	56	4	0.89	5	1	4
3076	68	3.82	0.93	5	1	4
3077	64	4.25	0.85	5	1	4
3078	113	3.63	0.96	5	1	4
3079	120	3.83	0.88	5	1	4
3081	807	3.53	0.92	5	1	4
3082	674	3.34	0.97	5	1	3
3083	298	4.07	0.99	5	1	4
3084	1	3	NA	3	3	3
3086	58	3.53	1.13	5	1	4
3087	385	3.5	0.89	5	1	4
3088	258	4.05	0.83	5	1	4
3089	199	4.35	0.81	5	1	5
3090	135	4.13	0.85	5	1	4
3091	101	4.25	0.84	5	1	4
3092	14	3.93	1.21	5	2	4
3093	167	3.65	1.15	5	1	4
3094	75	3.73	0.98	5	1	4
3095	397	4.1	0.97	5	1	4
3096	74	3.96	0.87	5	1	4
3097	160	3.98	0.85	5	1	4
3098	409	3.86	0.9	5	1	4
3099	200	3.25	1.01	5	1	3
3100	485	3.76	0.94	5	1	4
3101	611	3.66	0.91	5	1	4
3102	196	3.64	0.88	5	1	4
3103	56	3.02	0.88	5	1	3
3104	589	3.84	0.86	5	1	4
3105	512	3.79	0.87	5	1	4
3106	22	3.23	1.19	5	1	3
3107	655	3.46	0.91	5	1	3
3108	733	3.62	1.03	5	1	4
3109	44	3.25	0.94	5	1	3
3110	23	3.43	0.9	5	1	3
3111	165	3.66	0.93	5	1	4
3112	51	3.55	1.1	5	1	4
3113	418	2.64	1.07	5	1	3
3114	1212	4.2	0.9	5	1	4
3115	90	3.13	1.12	5	1	3
3116	8	2.75	0.89	4	2	2.5
3117	56	3.34	1.08	5	1	3
3118	53	3.53	0.93	5	1	4
3119	3	1.67	1.15	3	1	1
3120	103	3	0.89	5	1	3
3121	13	3.69	0.75	5	3	4
3122	18	3.44	0.78	5	2	3.5
3123	3	1	0	1	1	1
3124	25	3.32	1.25	5	1	4
3125	159	3.6	1.09	5	1	4
3126	2	4	0	4	4	4
3127	41	3.05	1.2	5	1	3
3128	40	3.33	1	5	1	3
3129	212	3.74	0.89	5	1	4
3130	91	2.47	0.96	5	1	2
3131	2	3.5	0.71	4	3	3.5
3132	30	3.77	0.73	5	2	4
3133	30	3.6	1.1	5	1	4
3134	116	4.34	1	5	1	5
3135	135	3.93	0.89	5	1	4
3136	2	2.5	2.12	4	1	2.5
3137	13	3.77	0.73	5	2	4
3138	52	3.19	1.07	5	1	3
3139	14	3.14	1.17	5	1	3
3140	7	3.57	1.27	5	1	4
3141	44	2.98	0.9	5	1	3
3142	99	3.36	1.08	5	1	3
3143	23	3.74	1.05	5	1	4
3144	34	3.32	0.98	5	1	3
3145	198	3.38	1.03	5	1	3
3146	232	2.85	1.22	5	1	3
3147	956	4.15	0.92	5	1	4
3148	525	3.98	0.9	5	1	4
3149	8	2.62	1.3	4	1	2.5
3150	43	3.74	1.22	5	1	4
3151	1	2	NA	2	2	2
3152	263	3.98	0.88	5	1	4
3153	196	3.6	0.96	5	1	4
3154	6	3.5	0.84	5	3	3
3155	253	3.44	0.96	5	1	4
3156	280	2.92	1.26	5	1	3
3157	382	3.15	0.99	5	1	3
3158	29	3.69	0.97	5	1	4
3159	353	3.8	1.04	5	1	4
3160	870	3.89	1.14	5	1	4
3161	13	3.54	1.05	5	2	3
3162	17	2.53	1.01	4	1	3
3163	225	3.66	1.17	5	1	4
3164	1	4	NA	4	4	4
3165	46	2.72	1.03	5	1	3
3166	3	1.33	0.58	2	1	1
3167	125	3.57	0.98	5	1	4
3168	372	3.78	0.99	5	1	4
3169	193	3.5	0.83	5	1	4
3171	23	3.91	0.73	5	3	4
3172	1	5	NA	5	5	5
3173	357	3.11	1.05	5	1	3
3174	686	3.48	1.02	5	1	4
3175	1325	3.77	0.96	5	1	4
3176	1039	3.49	1.08	5	1	4
3177	129	2.57	1.04	5	1	3
3178	403	3.81	0.95	5	1	4
3179	170	3.35	1	5	1	3
3180	53	2.13	1	4	1	2
3181	124	3.76	1.09	5	1	4
3182	87	4.05	0.91	5	1	4
3183	32	3.69	1.09	5	1	4
3184	4	3.25	0.96	4	2	3.5
3185	305	3.41	1.08	5	1	4
3186	328	3.48	0.98	5	1	4
3187	2	3.5	0.71	4	3	3.5
3188	45	3.71	1.16	5	1	4
3189	220	3.59	0.98	5	1	4
3190	120	2.12	1.01	5	1	2
3192	19	4.16	0.6	5	3	4
3194	182	3.3	1.07	5	1	3
3196	313	4.2	0.79	5	1	4
3197	185	3.28	0.87	5	1	3
3198	250	4.02	0.83	5	1	4
3199	52	3.46	0.9	5	1	3
3200	135	3.83	0.89	5	1	4
3201	273	3.93	0.97	5	1	4
3202	1	1	NA	1	1	1
3203	371	3.67	0.88	5	1	4
3204	154	3.66	0.87	5	1	4
3205	4	2.25	1.89	5	1	1.5
3206	103	3.27	0.95	5	1	3
3207	3	3	1	4	2	3
3208	179	2.74	1.16	5	1	3
3209	1	1	NA	1	1	1
3210	660	3.84	0.94	5	1	4
3211	50	3.5	0.76	5	1	4
3212	2	2.5	0.71	3	2	2.5
3213	162	3.54	1.05	5	1	4
3214	71	3.38	0.98	5	1	3
3215	9	3	1.12	5	1	3
3216	3	3.33	2.08	5	1	4
3217	68	3.38	1.05	5	1	3
3218	23	3.13	1.14	5	1	3
3219	355	3.23	0.93	5	1	3
3220	1	2	NA	2	2	2
3221	20	3.45	1.36	5	1	3.5
3222	27	4.19	0.83	5	2	4
3223	26	3.46	0.99	5	1	4
3224	57	4.12	1	5	1	4
3225	75	2.6	1.35	5	1	3
3228	1	1	NA	1	1	1
3229	1	4	NA	4	4	4
3230	59	3.53	0.9	5	1	4
3232	4	4	2	5	1	5
3233	1	5	NA	5	5	5
3235	54	2.93	1.23	5	1	3
3236	1	5	NA	5	5	5
3238	206	2.13	1.13	5	1	2
3239	30	2.37	1.07	5	1	2
3240	23	3.3	0.97	5	2	3
3241	46	3.65	1.02	5	1	4
3242	2	3.5	0.71	4	3	3.5
3243	223	2.52	1.03	5	1	3
3244	248	3.71	0.87	5	1	4
3245	3	4.67	0.58	5	4	5
3246	371	3.92	0.92	5	1	4
3247	479	3.18	1.03	5	1	3
3248	162	2.58	1.05	5	1	3
3249	262	3.15	0.99	5	1	3
3250	258	3.43	0.86	5	1	3
3251	210	3.38	0.96	5	1	3
3252	422	3.7	1	5	1	4
3253	861	3.6	0.94	5	1	4
3254	344	2.89	0.97	5	1	3
3255	811	3.7	0.86	5	1	4
3256	792	3.78	0.82	5	1	4
3257	467	2.79	1.02	5	1	3
3258	255	2.71	1.01	5	1	3
3259	296	3.37	1	5	1	3
3260	363	3.69	0.96	5	1	4
3261	323	3.47	0.88	5	1	4
3262	118	2.93	1.3	5	1	3
3263	513	3.19	0.94	5	1	3
3264	388	3.11	0.98	5	1	3
3265	250	4.17	0.92	5	1	4
3266	123	3.72	1.08	5	1	4
3267	360	3.68	0.94	5	1	4
3268	142	1.82	1.06	5	1	1
3269	340	3.25	0.92	5	1	3
3270	143	3.31	0.96	5	1	3
3271	244	3.82	0.83	5	1	4
3272	131	3.24	1.14	5	1	3
3273	439	2.74	1.14	5	1	3
3274	328	3.1	0.9	5	1	3
3275	67	3.64	1.12	5	1	4
3276	32	2.59	0.98	4	1	3
3277	1	4	NA	4	4	4
3280	1	5	NA	5	5	5
3281	40	4.05	0.85	5	2	4
3282	7	4	0.58	5	3	4
3283	12	3.33	0.49	4	3	3
3284	38	3.82	0.95	5	2	4
3285	322	2.68	1.08	5	1	3
3286	83	2.17	1.05	5	1	2
3287	98	2.76	1.13	5	1	3
3288	3	3.67	0.58	4	3	4
3289	42	3.86	0.87	5	1	4
3290	1	3	NA	3	3	3
3291	1	2	NA	2	2	2
3292	6	3.83	0.75	5	3	4
3293	2	2.5	0.71	3	2	2.5
3295	2	3.5	0.71	4	3	3.5
3296	160	3.77	0.86	5	1	4
3297	1	2	NA	2	2	2
3298	449	3.47	0.9	5	1	4
3299	130	2.35	0.97	5	1	2
3300	411	3.31	1.07	5	1	3
3301	441	3.41	0.94	5	1	4
3302	31	3.16	1.04	5	1	3
3303	3	3	1.73	4	1	4
3304	45	3.53	0.94	5	1	4
3305	2	4	0	4	4	4
3306	22	3.86	1.08	5	1	4
3307	209	4.43	0.79	5	1	5
3308	216	3.21	0.89	5	1	3
3309	20	3.7	1.26	5	1	4
3310	49	3.76	1.09	5	1	4
3311	24	3.75	0.9	5	1	4
3312	1	1	NA	1	1	1
3313	13	2.15	0.99	4	1	2
3314	4	3.25	1.71	5	1	3.5
3316	213	2.79	1.08	5	1	3
3317	385	3.92	0.9	5	1	4
3318	38	3.53	1.06	5	1	3.5
3319	22	3.09	1.15	5	1	3
3320	38	3.42	1.13	5	1	4
3321	1	2	NA	2	2	2
3322	3	2.33	1.15	3	1	3
3323	1	3	NA	3	3	3
3324	153	2.69	1.18	5	1	3
3325	117	2.38	1.14	5	1	2
3326	133	2.8	1.09	5	1	3
3327	101	3.44	1.31	5	1	4
3328	230	3.86	1.04	5	1	4
3329	22	3.77	0.81	5	2	4
3330	77	3.75	1	5	1	4
3331	29	2.38	1.08	5	1	2
3333	12	3.5	1.17	5	1	4
3334	356	4.09	0.78	5	1	4
3335	10	2.9	1.2	4	1	3
3336	1	3	NA	3	3	3
3337	1	3	NA	3	3	3
3338	18	4.61	0.5	5	4	5
3339	33	3.7	0.77	5	2	4
3340	49	2.88	1.35	5	1	3
3341	140	3.99	0.86	5	1	4
3342	176	3.84	0.93	5	1	4
3343	27	2.26	0.9	4	1	2
3344	14	2.71	1.14	4	1	3
3345	14	3.14	0.66	4	2	3
3346	5	2.8	1.1	4	1	3
3347	155	3.98	0.75	5	2	4
3349	20	3.4	1.19	5	1	3.5
3350	109	4	0.81	5	2	4
3351	10	3.3	1.16	5	1	3.5
3352	2	2.5	0.71	3	2	2.5
3353	2	4	0	4	4	4
3354	589	2.55	1.1	5	1	3
3355	220	2.82	1.12	5	1	3
3357	76	3.72	1.13	5	1	4
3358	334	3.67	1.04	5	1	4
3359	384	4.06	0.8	5	1	4
3360	454	3.92	0.87	5	1	4
3361	831	3.82	0.93	5	1	4
3362	575	3.98	0.83	5	1	4
3363	762	4.04	0.84	5	1	4
3364	113	3.97	0.84	5	1	4
3365	191	4.1	0.97	5	1	4
3366	194	3.83	0.77	5	1	4
3367	31	3.35	0.8	5	2	3
3368	51	3.61	1.02	5	1	4
3370	64	3.41	0.75	5	2	3
3371	33	3.67	1.08	5	1	4
3372	45	3.62	0.81	5	2	4
3373	3	2.67	0.58	3	2	3
3374	9	2.56	1.01	4	1	2
3375	51	3.39	0.98	5	1	3
3376	1	1	NA	1	1	1
3377	2	3.5	0.71	4	3	3.5
3378	4	3.25	0.5	4	3	3
3379	76	3.95	0.86	5	1	4
3380	1	4	NA	4	4	4
3381	1	4	NA	4	4	4
3382	1	5	NA	5	5	5
3384	202	3.83	0.83	5	1	4
3385	101	2.53	0.92	5	1	3
3386	566	3.79	0.98	5	1	4
3387	138	2.72	1.04	5	1	3
3388	227	2.7	0.98	5	1	3
3389	30	2.7	1.02	4	1	3
3390	25	1.64	0.86	4	1	1
3391	74	2.27	1.08	5	1	2
3392	111	1.98	1.04	5	1	2
3393	32	2.12	1.13	5	1	2
3394	153	2.79	1.04	5	1	3
3395	45	2.84	0.93	5	1	3
3396	557	3.82	0.94	5	1	4
3397	273	3.73	0.94	5	1	4
3398	250	3.5	0.98	5	1	4
3399	71	3.15	1.09	5	1	3
3400	24	2.46	1.25	5	1	3
3401	88	2.12	0.97	5	1	2
3402	18	3.39	0.78	5	2	3
3403	19	2.68	0.82	4	1	3
3404	159	3.45	1.14	5	1	4
3405	108	3.81	0.86	5	1	4
3406	70	3.64	0.87	5	1	4
3407	1	1	NA	1	1	1
3408	994	3.88	0.9	5	1	4
3409	343	3.26	1.07	5	1	3
3410	8	4.25	0.71	5	3	4
3412	131	3.31	0.98	5	1	3
3413	1	3	NA	3	3	3
3414	35	3.34	1	5	1	3
3415	20	4	1.3	5	1	4.5
3416	39	3.82	1.23	5	1	4
3417	57	3.54	0.98	5	1	4
3418	1079	3.66	0.96	5	1	4
3419	10	3.4	1.07	5	2	4
3420	149	3.7	0.88	5	1	4
3421	894	4.06	0.95	5	1	4
3422	163	3.4	0.94	5	1	3
3423	50	2.88	1.1	5	1	3
3424	587	3.89	0.97	5	1	4
3425	66	3.32	0.91	5	1	3
3426	156	3.22	0.95	5	1	3
3427	58	3.33	0.8	5	1	3
3428	45	2.84	1.09	5	1	3
3429	213	4.28	0.82	5	1	4
3430	168	3.35	1.04	5	1	3
3431	64	2.66	1.09	5	1	3
3432	57	2.4	1.13	5	1	2
3433	35	2.2	1.26	5	1	2
3434	30	2.3	1.34	5	1	2
3435	431	4.42	0.74	5	1	5
3436	102	2.79	1.04	5	1	3
3437	8	1.5	1.07	4	1	1
3438	421	2.67	1.07	5	1	3
3439	192	2.14	1.1	5	1	2
3440	136	1.97	1.05	5	1	2
3441	367	3.3	0.99	5	1	3
3442	31	2.29	0.9	4	1	2
3443	3	3.67	0.58	4	3	4
3444	163	3.14	1.12	5	1	3
3445	107	3.2	0.88	5	1	3
3446	29	3.48	1.18	5	1	4
3447	57	3.65	1.16	5	1	4
3448	842	3.72	0.84	5	1	4
3449	21	2.86	1.11	5	1	3
3450	622	3.44	0.98	5	1	3
3451	265	3.91	0.82	5	2	4
3452	259	3.18	1.02	5	1	3
3453	60	2.3	1.09	5	1	2
3454	29	2.83	1.14	5	1	3
3456	50	3.9	1.07	5	1	4
3457	106	2.97	1.15	5	1	3
3458	1	3	NA	3	3	3
3459	44	2.82	1.23	5	1	3
3460	1	1	NA	1	1	1
3461	274	3.69	0.96	5	1	4
3462	230	4.27	0.87	5	1	5
3463	8	1.88	0.64	3	1	2
3464	16	2.25	1.24	5	1	2
3465	13	2.92	0.95	5	2	3
3466	162	3.57	0.92	5	1	4
3467	206	4.01	0.88	5	1	4
3468	350	4.25	0.75	5	1	4
3469	211	4.28	0.78	5	1	4
3470	70	4.31	0.79	5	1	4
3471	1097	4	0.91	5	1	4
3472	2	2	1.41	3	1	2
3473	22	3.41	1.05	5	1	3.5
3474	9	3.33	0.71	4	2	3
3475	110	4.02	0.85	5	2	4
3476	504	3.6	1.07	5	1	4
3477	204	3.05	1.14	5	1	3
3478	201	3.31	0.85	5	1	3
3479	405	3.68	0.92	5	1	4
3480	121	3.58	0.86	5	1	4
3481	1037	3.93	0.94	5	1	4
3482	2	3	1.41	4	2	3
3483	137	3.01	1.13	5	1	3
3484	232	2.67	1.16	5	1	3
3485	2	1.5	0.71	2	1	1.5
3486	9	3.11	1.45	5	1	4
3487	51	3.65	1.05	5	1	4
3488	16	2.12	1.15	4	1	2
3489	564	3	1.06	5	1	3
3490	14	2.79	1.48	5	1	2.5
3491	39	2.85	0.96	5	1	3
3492	10	3.7	0.82	5	2	4
3493	1	1	NA	1	1	1
3494	242	3.71	0.93	5	1	4
3495	8	4	0.76	5	3	4
3496	52	3.23	0.96	5	1	3
3497	75	3.08	1.01	5	1	3
3498	221	4.01	0.81	5	1	4
3499	662	3.82	0.88	5	1	4
3500	136	2.79	0.97	5	1	3
3501	195	3.55	1.01	5	1	4
3502	68	3.51	1.01	5	1	4
3503	114	3.53	1.08	5	1	4
3504	519	4.01	0.9	5	1	4
3505	282	3.86	0.87	5	1	4
3506	123	3.39	0.88	5	1	3
3507	286	4.03	0.81	5	1	4
3508	291	4.04	0.87	5	1	4
3509	72	2.89	1.03	5	1	3
3510	625	3.76	0.91	5	1	4
3511	55	2.69	1.2	5	1	3
3512	354	3.73	0.92	5	1	4
3513	301	3.33	0.9	5	1	3
3514	49	3.12	1.07	5	1	3
3515	148	3.14	1.18	5	1	3
3516	182	3.75	0.91	5	1	4
3517	2	4.5	0.71	5	4	4.5
3518	38	2.74	0.98	5	1	3
3519	147	3.33	0.94	5	1	3
3520	19	2.68	1.38	5	1	3
3521	153	3.88	0.93	5	1	4
3522	3	4	1	5	3	4
3523	7	3	1.29	5	1	3
3524	407	3.42	1	5	1	3
3525	269	3.12	1.02	5	1	3
3526	620	3.78	0.87	5	1	4
3527	978	3.68	0.97	5	1	4
3528	244	3.13	1.11	5	1	3
3529	106	3.4	0.85	5	1	3
3530	1	4	NA	4	4	4
3531	20	3.1	1.12	5	1	3
3532	15	4	1.13	5	1	4
3533	6	3.33	1.37	5	1	3.5
3534	390	3.1	0.94	5	1	3
3535	495	3.21	1.19	5	1	3
3536	371	3.74	0.9	5	1	4
3537	24	3.21	0.72	4	1	3
3538	118	3.64	0.94	5	1	4
3539	31	3.94	0.85	5	2	4
3540	17	3.12	0.99	4	1	3
3542	1	4	NA	4	4	4
3543	651	3.95	0.85	5	1	4
3544	67	2.85	1.28	5	1	3
3545	334	3.94	1.04	5	1	4
3546	155	3.68	0.96	5	1	4
3547	59	3.85	0.83	5	1	4
3548	216	3.87	1	5	1	4
3549	191	3.81	1.05	5	1	4
3550	120	3.41	0.97	5	1	3
3551	307	3.93	0.79	5	1	4
3552	728	3.82	1.07	5	1	4
3553	65	2.68	1.02	5	1	3
3554	95	3.58	1.02	5	1	4
3555	691	3.53	0.95	5	1	4
3556	250	3.63	0.98	5	1	4
3557	95	2.88	0.84	5	1	3
3559	22	3.64	0.95	5	1	4
3562	20	2.9	0.97	4	1	3
3563	8	2.25	1.04	4	1	2
3564	98	1.78	0.95	5	1	1
3565	216	3.27	1.12	5	1	3
3566	235	3.33	1.11	5	1	3
3567	27	3.3	0.91	5	1	3
3568	24	3.38	1.1	5	1	3.5
3569	28	3.25	1.58	5	1	3.5
3570	8	3.88	0.99	5	3	3.5
3571	95	3.35	1.18	5	1	4
3572	51	1.75	0.93	5	1	1
3573	19	1.53	0.84	4	1	1
3574	12	1.08	0.29	2	1	1
3575	2	3	1.41	4	2	3
3576	201	3.67	0.86	5	1	4
3577	47	2.57	1.08	5	1	2
3578	1442	4.1	0.92	5	1	4
3579	51	2.45	1.25	5	1	2
3580	22	3.05	1.09	5	1	3
3581	10	3.1	0.74	4	2	3
3584	102	2.77	0.97	5	1	3
3585	13	3.77	1.01	5	1	4
3586	23	3.26	1.25	5	1	3
3587	21	3.24	1.37	5	1	3
3588	41	3.44	0.87	5	1	4
3590	76	2.86	0.83	5	1	3
3591	483	3.4	0.86	5	1	3
3592	6	2	1.1	3	1	2
3593	265	1.64	0.99	5	1	1
3594	147	3.24	1.02	5	1	3
3595	3	2.67	2.08	5	1	2
3596	43	2.65	1.27	5	1	3
3597	25	2.72	1.24	5	1	3
3598	124	3.38	1.26	5	1	4
3599	79	3.58	1.05	5	1	4
3600	90	2.86	1.03	5	1	3
3601	1	4	NA	4	4	4
3602	41	2.9	0.86	4	1	3
3603	2	2.5	0.71	3	2	2.5
3604	96	3.64	0.97	5	1	4
3605	41	3.07	0.98	5	1	3
3606	140	3.99	0.8	5	2	4
3607	1	5	NA	5	5	5
3608	651	3.41	1.18	5	1	4
3609	4	4	0.82	5	3	4
3610	21	2.52	0.81	4	1	3
3611	14	3.07	1.21	5	1	3
3612	26	3.54	1.07	5	1	4
3613	70	3.74	0.85	5	1	4
3614	424	3.21	0.85	5	1	3
3615	264	3.27	1.01	5	1	3
3616	106	2.39	1.11	5	1	2
3617	316	3.24	1.1	5	1	3
3618	276	3.37	0.98	5	1	3
3619	71	3.27	1.08	5	1	3
3620	43	3.07	0.99	5	1	3
3621	2	1.5	0.71	2	1	1.5
3622	62	3.95	0.82	5	2	4
3623	1021	3.18	1.11	5	1	3
3624	608	3.64	0.95	5	1	4
3625	12	3.83	1.11	5	2	4
3626	39	2.46	1.35	5	1	2
3627	79	3.38	1.23	5	1	4
3628	79	3.43	0.84	5	1	4
3629	213	4.2	0.89	5	1	4
3631	2	3	0	3	3	3
3632	29	3.72	1.13	5	1	4
3633	262	3.46	0.98	5	1	3
3634	125	4.31	0.7	5	2	4
3635	375	3.57	0.84	5	1	4
3636	6	2.33	1.51	5	1	2
3637	15	4.13	0.92	5	2	4
3638	484	3.15	1.01	5	1	3
3639	357	3.65	0.84	5	1	4
3640	8	3.75	0.89	5	3	3.5
3641	7	2.71	1.6	5	1	2
3642	11	3	0.89	4	1	3
3643	79	3.44	0.8	5	1	4
3644	14	3.29	0.83	5	2	3
3645	15	3.47	1.46	5	1	4
3646	131	2.45	1.16	5	1	2
3647	1	4	NA	4	4	4
3648	6	3.17	0.41	4	3	3
3649	214	3.2	0.89	5	1	3
3651	2	1	0	1	1	1
3652	3	3.67	1.15	5	3	3
3653	110	3.76	0.87	5	2	4
3654	379	3.96	0.78	5	1	4
3655	32	3.81	0.69	5	2	4
3656	1	5	NA	5	5	5
3657	6	3.67	1.03	5	2	4
3658	50	3.6	1.12	5	1	4
3659	33	3.09	1.4	5	1	4
3660	121	2.82	1.17	5	1	3
3661	60	2.2	1.15	4	1	2
3662	72	2.19	1.19	5	1	2
3663	40	1.88	1.18	5	1	1
3664	45	1.64	1	5	1	1
3665	20	1.7	1.08	5	1	1
3666	5	1.6	0.89	3	1	1
3667	22	1.82	0.8	3	1	2
3668	279	3.87	0.95	5	1	4
3669	53	2.36	0.96	4	1	3
3670	19	3.63	1.12	5	1	4
3671	855	4.04	0.96	5	1	4
3672	118	2.94	1.06	5	1	3
3673	25	2.32	1.31	5	1	3
3674	41	2.61	1.12	5	1	3
3675	200	3.81	0.93	5	1	4
3676	152	3.59	1.24	5	1	4
3677	32	3.88	0.98	5	2	4
3678	72	3.79	0.93	5	1	4
3679	45	4.33	0.85	5	2	5
3680	33	4	0.94	5	1	4
3681	252	3.92	0.86	5	1	4
3682	166	3.74	0.81	5	1	4
3683	452	4.2	0.85	5	1	4
3684	258	3.29	0.88	5	1	3
3685	416	3.58	0.93	5	1	4
3686	318	3.25	0.92	5	1	3
3687	2	2	0	2	2	2
3688	257	2.71	1.14	5	1	3
3689	109	2.11	1.07	5	1	2
3690	88	2.08	1.14	5	1	2
3691	31	2.68	1.01	5	1	3
3692	44	2.3	1.11	5	1	2
3693	142	2.63	1.17	5	1	3
3694	39	1.74	0.97	4	1	1
3695	43	1.98	1.1	4	1	2
3696	54	2.54	1.22	5	1	2
3697	497	2.88	1	5	1	3
3698	567	3.23	0.94	5	1	3
3699	653	3.48	0.92	5	1	4
3700	192	3.51	1.03	5	1	4
3701	393	3.24	0.91	5	1	3
3702	808	3.65	0.98	5	1	4
3703	785	3.7	1.03	5	1	4
3704	560	3.18	0.99	5	1	3
3705	280	2.58	0.94	5	1	3
3706	346	3.41	1.1	5	1	3
3707	189	3.04	1.07	5	1	3
3708	203	3	1	5	1	3
3709	87	2.43	0.96	5	1	2
3710	151	2.26	0.96	5	1	2
3711	29	3.14	0.99	5	2	3
3712	276	3.23	0.97	5	1	3
3713	66	3.68	0.84	5	1	4
3714	47	3.13	0.97	5	1	3
3715	58	2.6	1.15	5	1	2
3716	58	2.31	0.98	4	1	2
3717	445	2.98	1.12	5	1	3
3718	49	3.33	1.46	5	1	4
3719	32	3	1.14	5	1	3
3720	72	3.6	1.07	5	1	4
3721	18	2.39	0.92	4	1	3
3722	1	2	NA	2	2	2
3723	212	3.76	0.87	5	1	4
3724	148	3.72	0.86	5	1	4
3725	82	3.21	1.12	5	1	3
3726	74	3.57	1.1	5	1	4
3727	115	3.73	0.9	5	1	4
3728	112	3.94	0.88	5	1	4
3729	164	3.52	0.9	5	1	4
3730	347	4.24	0.82	5	1	4
3731	30	3.47	0.94	5	1	4
3732	59	2.97	0.96	5	1	3
3733	225	3.84	0.76	5	1	4
3734	41	3.41	1.02	5	1	3
3735	400	3.98	0.76	5	1	4
3736	28	3.79	1.2	5	1	4
3737	41	4	1.12	5	1	4
3738	57	3.46	0.8	5	2	4
3739	37	3.95	1.18	5	1	4
3740	446	3.4	1.04	5	1	3.5
3741	170	3.99	0.91	5	1	4
3742	180	4	1.01	5	1	4
3743	59	2.42	1	5	1	2
3744	319	3.24	0.92	5	1	3
3745	390	3.39	1.11	5	1	4
3746	46	3.83	1.35	5	1	4
3747	114	3.77	1.07	5	1	4
3748	1	2	NA	2	2	2
3749	17	3.06	1.39	5	1	3
3751	1032	3.87	0.98	5	1	4
3752	416	2.98	1.17	5	1	3
3753	922	3.73	1.09	5	1	4
3754	147	2.53	1.24	5	1	3
3755	753	3.34	0.98	5	1	3
3756	18	3.67	0.59	5	3	4
3757	12	3.08	1.31	5	1	3
3758	89	2.87	1.1	5	1	3
3759	28	3.39	1.03	5	1	3
3760	224	3.45	1.06	5	1	4
3761	21	2.81	1.12	5	1	3
3762	2	1.5	0.71	2	1	1.5
3763	539	3.55	0.85	5	1	4
3764	186	2.65	0.91	5	1	3
3765	31	2.77	0.99	5	1	3
3766	136	2.55	1.06	5	1	3
3767	84	2.11	1.06	5	1	2
3768	60	2.05	1.06	5	1	2
3769	140	3.41	0.9	5	1	4
3770	253	3.49	0.83	5	1	4
3771	117	3.35	0.83	5	1	3
3772	2	2	1.41	3	1	2
3773	127	2.81	0.99	5	1	3
3774	49	1.96	0.93	4	1	2
3775	17	3.53	1.01	5	1	4
3776	20	3.3	1.26	5	1	3.5
3777	7	2.43	1.4	5	1	2
3778	2	3.5	2.12	5	2	3.5
3780	32	3.19	1.31	5	1	3
3781	24	2.67	1.37	5	1	2.5
3782	38	2.74	1.2	5	1	3
3783	187	4.02	0.85	5	1	4
3784	126	3.19	1.16	5	1	3
3785	461	3	1.24	5	1	3
3786	138	3.16	1.14	5	1	3
3787	49	3.94	1.01	5	1	4
3788	179	3.83	1.02	5	1	4
3789	128	4.17	0.92	5	1	4
3790	40	3.52	1.04	5	1	4
3791	324	3.07	0.97	5	1	3
3792	53	3.6	1.08	5	1	4
3793	1155	3.81	0.92	5	1	4
3794	87	3.24	1.2	5	1	4
3795	47	3.36	1.19	5	1	4
3796	9	3.56	0.73	4	2	4
3797	22	2.27	1.08	4	1	2
3798	354	3.29	1.07	5	1	3
3799	72	1.58	1.04	5	1	1
3800	2	1	0	1	1	1
3801	166	4.27	0.76	5	1	4
3802	225	2.43	1	5	1	2
3803	7	3.43	0.79	4	2	4
3804	36	2.67	1.39	5	1	2
3805	25	2.8	1.15	5	1	3
3806	44	3.2	1.02	5	1	3
3807	88	3.32	1	5	1	3
3808	35	4.14	1.09	5	1	4
3809	627	3.36	1.02	5	1	3
3810	58	2.97	0.88	5	1	3
3811	276	4.13	0.79	5	1	4
3812	216	3.53	0.91	5	1	4
3813	62	3.31	0.92	5	1	3
3814	163	4.01	0.89	5	1	4
3816	26	3.88	1.03	5	1	4
3817	13	3.15	1.57	5	1	3
3818	6	2.33	1.51	5	1	2
3819	202	4.06	0.88	5	1	4
3820	22	1.5	1.1	5	1	1
3821	186	2.63	1.21	5	1	3
3822	48	3.65	1.3	5	1	4
3823	51	3.71	0.94	5	1	4
3824	83	2.14	1.09	5	1	2
3825	156	2.81	1.2	5	1	3
3826	300	2.53	1.06	5	1	3
3827	343	3.38	1	5	1	3
3828	2	2.5	2.12	4	1	2.5
3830	17	2.76	1.25	5	1	3
3831	141	3.7	0.87	5	1	4
3832	14	3.36	0.93	5	1	3
3833	41	2.54	1.27	5	1	3
3834	136	2.79	0.91	5	1	3
3835	149	2.74	0.94	5	1	3
3836	280	3.93	0.86	5	1	4
3837	72	2.97	1.15	5	1	3
3838	29	2.52	1.24	5	1	2
3839	35	2.57	1.46	5	1	2
3840	77	2.52	1.08	5	1	3
3841	224	2.71	0.95	5	1	3
3843	23	2.61	1.2	5	1	3
3844	321	3.59	1.05	5	1	4
3845	22	3.45	1.01	5	1	3.5
3846	106	3.22	1	5	1	3
3847	20	3.35	1.35	5	1	3.5
3848	12	3.17	1.03	5	2	3
3849	33	4	0.87	5	1	4
3850	8	3	1.2	5	1	3
3851	30	3.97	1.13	5	1	4
3852	160	3.74	0.94	5	1	4
3853	12	3.42	1.08	5	1	4
3854	16	3.81	0.91	5	2	4
3855	28	3.89	0.99	5	1	4
3857	48	2.62	1.18	5	1	2
3858	51	3.08	1.09	5	1	3
3859	60	3.88	0.94	5	1	4
3860	10	3.4	0.7	4	2	3.5
3861	183	3.1	1.04	5	1	3
3862	17	3	1.27	5	1	3
3863	509	3.26	1.07	5	1	3
3864	111	2.71	1.33	5	1	3
3865	120	3.23	1.11	5	1	3
3866	5	3.4	1.82	5	1	4
3867	8	3	1.07	5	2	3
3868	514	3.68	1.09	5	1	4
3869	334	3.11	1.04	5	1	3
3870	38	3.89	0.95	5	2	4
3871	221	3.84	1.01	5	1	4
3872	79	3.86	0.98	5	1	4
3873	198	3.66	1.07	5	1	4
3874	19	2.74	1.24	5	1	3
3875	2	4	0	4	4	4
3876	3	2	1	3	1	2
3877	137	1.96	0.91	5	1	2
3878	7	3.14	1.07	4	1	3
3879	108	2.74	1.04	5	1	3
3880	15	3.47	1.41	5	1	4
3881	1	5	NA	5	5	5
3882	188	3.3	0.93	5	1	3
3883	10	3.1	1.1	5	1	3
3884	30	2.37	1	4	1	2
3885	18	2.94	1.43	5	1	3.5
3886	28	3.11	1.2	5	1	3
3887	3	3	1	4	2	3
3888	2	4.5	0.71	5	4	4.5
3889	107	2.48	1.15	5	1	3
3890	1	3	NA	3	3	3
3891	7	1.71	0.49	2	1	2
3892	8	2.88	1.64	5	1	3.5
3893	407	3.5	1.01	5	1	4
3894	19	3.21	1.27	5	1	4
3895	69	2.23	0.97	4	1	2
3896	134	3.25	1.2	5	1	3
3897	744	4.22	0.81	5	1	4
3898	36	2.78	0.93	4	1	3
3899	2	2	1.41	3	1	2
3900	25	2.68	1.22	5	1	3
3901	82	2.63	1.24	5	1	3
3902	18	3.17	1.1	5	1	3
3903	38	3.37	1.2	5	1	3
3904	1	1	NA	1	1	1
3905	6	4.17	0.98	5	3	4.5
3906	23	3.13	0.81	5	2	3
3908	66	2.09	1.06	5	1	2
3909	55	2.64	0.97	4	1	3
3910	149	3.71	1.28	5	1	4
3911	512	4.08	0.89	5	1	4
3912	27	2.19	1.08	4	1	2
3913	28	2.96	1.55	5	1	3
3914	53	3.25	1.21	5	1	4
3915	98	3.53	1.18	5	1	4
3916	339	3.92	0.98	5	1	4
3917	211	3.13	1.27	5	1	3
3918	129	2.74	1.18	5	1	3
3919	60	2.23	1	4	1	2
3920	54	3.78	1.09	5	1	4
3921	38	2.61	1.13	5	1	3
3922	31	2.74	1.32	5	1	3
3923	78	2.6	1.02	5	1	3
3924	15	3.07	1.22	5	1	3
3925	92	3.93	0.94	5	1	4
3926	138	3.31	0.81	5	1	3
3927	266	3.62	0.83	5	1	4
3928	163	3.43	1.08	5	1	4
3929	114	4.05	0.92	5	1	4
3930	176	3.29	1.11	5	1	3
3931	22	2.09	0.97	4	1	2
3932	170	3.81	0.84	5	1	4
3933	12	2.42	1.31	4	1	3
3934	22	3.14	1.13	5	1	3
3935	18	3.06	0.8	4	2	3
3936	79	3.71	0.95	5	1	4
3937	102	2.91	0.87	5	1	3
3938	20	1.85	1.04	4	1	1.5
3939	19	2.16	1.42	5	1	2
3940	11	2	1.41	5	1	1
3941	16	1.88	1.15	4	1	1
3942	24	1.83	1.2	5	1	1
3943	72	3.1	1.2	5	1	3
3944	7	2.14	1.57	5	1	1
3945	29	1.62	1.18	5	1	1
3946	74	2.27	1.08	5	1	2
3947	42	3.64	1.01	5	1	4
3948	646	3.62	1.02	5	1	4
3949	230	4.09	0.99	5	1	4
3950	40	3.58	1.13	5	1	4
3951	30	3.97	1.07	5	1	4
3952	296	3.73	0.96	5	1	4
