"","movieID","nb.Ratings","mean","sd","max","min","med"
"1",242,117,3.99,1,5,1,4
"2",302,297,4.16,0.85,5,1,4
"3",377,13,2.15,1.07,4,1,2
"4",51,81,3.46,1.16,5,1,4
"5",346,126,3.64,1.08,5,1,4
"6",474,194,4.25,0.85,5,2,4
"7",265,227,3.86,0.89,5,1,4
"8",465,85,3.56,1.06,5,1,4
"9",451,170,3.35,1.23,5,1,4
"10",86,150,3.94,0.98,5,1,4
"11",257,303,3.75,0.92,5,1,4
"12",1014,98,3.06,1.03,5,1,3
"13",222,365,3.66,0.93,5,1,4
"14",40,57,2.89,1.11,5,1,3
"15",29,114,2.67,1.03,5,1,3
"16",785,39,3.15,0.99,5,1,3
"17",387,65,3.38,1.01,5,1,3
"18",274,190,3.5,0.96,5,1,4
"19",1042,28,3.14,1.08,5,1,3
"20",1184,10,2.5,1.27,5,1,3
"21",392,68,3.54,1.01,5,1,4
"22",486,64,3.8,0.88,5,1,4
"23",144,243,3.87,0.94,5,1,4
"24",118,293,3.22,1.11,5,1,3
"25",1,452,3.88,0.93,5,1,4
"26",546,254,3.03,1.01,5,1,3
"27",95,219,3.81,0.91,5,1,4
"28",768,52,3.08,1.03,5,1,3
"29",277,71,3.46,1.08,5,1,4
"30",234,280,3.77,0.99,5,1,4
"31",246,379,3.84,1.05,5,1,4
"32",98,390,4.29,0.84,5,1,4
"33",193,157,3.92,0.77,5,2,4
"34",88,213,3.54,1.01,5,1,4
"35",194,241,4.06,0.83,5,1,4
"36",1081,8,2.75,1.16,4,1,3
"37",603,209,4.39,0.71,5,2,5
"38",796,36,3.08,1,5,1,3
"39",32,81,3.79,1.06,5,1,4
"40",16,39,3.21,1.03,5,1,3
"41",304,180,3.6,0.95,5,1,4
"42",979,35,3.2,0.99,5,1,3
"43",564,27,2.04,1.06,4,1,2
"44",327,175,3.38,1.08,5,1,3
"45",201,89,3.52,1.18,5,1,4
"46",1137,29,3.97,1.05,5,1,4
"47",241,128,3.55,1.06,5,1,4
"48",4,209,3.55,0.97,5,1,4
"49",332,143,3.46,0.96,5,1,4
"50",100,508,4.16,0.98,5,1,4
"51",432,174,3.77,1.11,5,1,4
"52",322,218,3.09,0.98,5,1,3
"53",181,507,4.01,0.92,5,1,4
"54",196,251,3.92,0.9,5,1,4
"55",679,107,3.05,1.04,5,1,3
"56",384,69,2.78,1.01,5,1,3
"57",143,222,3.77,1.16,5,1,4
"58",423,300,3.83,1.04,5,1,4
"59",515,201,4.2,0.9,5,1,4
"60",20,72,3.42,1.23,5,1,4
"61",288,478,3.44,1.11,5,1,4
"62",219,111,3.17,1.31,5,1,3
"63",526,124,3.83,0.95,5,1,4
"64",919,96,3.79,1.2,5,1,4
"65",26,73,3.45,0.9,5,1,3
"66",232,101,3.21,0.89,5,1,3
"67",427,219,4.29,0.74,5,1,4
"68",512,57,4,1.12,5,1,4
"69",15,293,3.78,0.98,5,1,4
"70",1049,25,2.52,0.96,4,1,3
"71",416,64,3.48,1.07,5,1,3.5
"72",165,64,4.11,0.86,5,1,4
"73",690,155,3.46,1.07,5,1,4
"74",248,160,3.67,0.94,5,1,4
"75",1444,19,2.47,0.96,4,1,3
"76",5,86,3.3,0.95,5,1,3
"77",229,171,3.11,0.96,5,1,3
"78",237,384,3.71,0.94,5,1,4
"79",480,179,4.28,0.71,5,2,4
"80",54,104,3.24,0.83,5,1,3
"81",366,47,3.34,1.01,5,1,3
"82",518,89,3.65,1.02,5,1,4
"83",403,201,3.43,0.95,5,1,4
"84",111,272,3.49,0.96,5,1,4
"85",625,82,3.33,0.75,5,1,3
"86",338,91,2.66,1.19,5,1,3
"87",25,293,3.44,1.03,5,1,4
"88",1016,137,3.46,1.04,5,1,3
"89",154,174,3.75,0.98,5,1,4
"90",275,268,4.01,0.9,5,1,4
"91",1153,19,3.47,0.96,5,2,3
"92",498,152,4.18,0.76,5,2,4
"93",382,111,3.59,1.03,5,1,4
"94",209,191,3.91,1.01,5,1,4
"95",23,182,4.12,0.85,5,2,4
"96",294,485,3.16,1.1,5,1,3
"97",208,200,3.94,0.9,5,2,4
"98",685,157,3.36,0.91,5,1,3
"99",328,295,3.42,1.02,5,1,4
"100",496,231,4.12,0.99,5,1,4
"101",132,246,4.08,0.96,5,1,4
"102",174,420,4.25,0.89,5,1,4
"103",96,295,4.01,0.98,5,1,4
"104",151,326,3.63,1.1,5,1,4
"105",307,188,3.52,0.98,5,1,4
"106",648,67,4.03,0.83,5,1,4
"107",21,84,2.76,1.05,5,1,3
"108",832,22,2.55,1.1,5,1,3
"109",514,180,3.91,1.06,5,1,4
"110",789,47,3.57,0.99,5,1,4
"111",485,125,3.82,1.05,5,1,4
"112",317,102,3.91,0.86,5,1,4
"113",195,301,3.93,0.97,5,1,4
"114",200,206,3.83,1.01,5,1,4
"115",385,208,3.56,1.07,5,1,4
"116",750,124,3.85,1.06,5,1,4
"117",264,101,2.74,0.91,5,1,3
"118",245,240,3.11,0.98,5,1,3
"119",135,259,3.97,1.03,5,1,4
"120",1147,21,3.67,0.86,5,1,4
"121",471,221,3.61,0.86,5,1,4
"122",658,79,3.42,1.05,5,1,3
"123",140,61,3.21,1.13,5,1,3
"124",379,43,2.98,1.2,5,1,3
"125",815,112,3.23,0.89,5,1,3
"126",479,179,4.25,0.69,5,2,4
"127",368,31,1.9,1.11,5,1,1
"128",1211,12,3.42,0.79,5,2,3
"129",1134,38,3.32,1.16,5,1,3
"130",836,26,3.77,0.99,5,2,4
"131",272,198,4.26,0.83,5,2,4
"132",756,128,2.9,1.03,5,1,3
"133",787,13,3.23,0.93,5,2,3
"134",14,183,3.97,1,5,1,4
"135",955,49,3.41,1.14,5,1,4
"136",419,178,3.72,0.99,5,1,4
"137",405,344,3.31,0.98,5,1,3
"138",504,122,3.82,0.95,5,1,4
"139",466,52,3.6,1.05,5,1,4
"140",117,378,3.69,0.98,5,1,4
"141",273,223,3.57,1.01,5,1,4
"142",559,137,3.18,1.07,5,1,3
"143",794,46,3.65,0.9,5,1,4
"144",323,240,2.93,1.1,5,1,3
"145",177,137,3.86,0.91,5,1,4
"146",231,142,2.68,0.98,5,1,3
"147",2,131,3.21,0.97,5,1,3
"148",137,171,3.9,1.05,5,1,4
"149",1336,10,1.8,0.92,3,1,1.5
"150",164,151,3.59,0.91,5,1,4
"151",281,146,3.14,0.89,5,1,3
"152",1240,26,3.65,1.32,5,1,4
"153",298,194,3.77,0.96,5,1,4
"154",443,162,3.81,0.87,5,1,4
"155",1035,68,3.16,0.94,5,1,3
"156",79,336,4.04,0.8,5,1,4
"157",258,509,3.8,0.99,5,1,4
"158",455,145,3.26,1.07,5,1,3
"159",755,96,3.31,0.91,5,1,3
"160",673,86,3.52,0.89,5,1,4
"161",172,367,4.2,0.92,5,1,4
"162",1217,39,2.87,1.13,5,1,3
"163",719,29,2.41,1.05,4,1,3
"164",1267,33,3,0.9,4,1,3
"165",930,80,2.7,1.01,5,1,3
"166",216,290,3.91,0.89,5,1,4
"167",1079,45,2.24,1.15,5,1,2
"168",452,66,2.67,1.09,5,1,3
"169",61,59,3.86,0.97,5,1,4
"170",48,117,4.09,0.97,5,1,4
"171",360,10,3.2,1.48,5,1,3.5
"172",77,151,3.28,0.95,5,1,3
"173",476,160,3.02,1.1,5,1,3
"174",483,243,4.46,0.73,5,1,5
"175",748,316,3.12,1.14,5,1,3
"176",220,66,3.36,1.15,5,1,3
"177",255,172,3.36,1.09,5,1,3
"178",280,85,3.19,1.07,5,1,3
"179",202,280,3.76,0.94,5,1,4
"180",408,112,4.49,0.77,5,1,5
"181",235,217,2.85,1.17,5,1,3
"182",228,244,3.82,0.96,5,1,4
"183",1098,42,3.69,0.9,5,1,4
"184",347,137,3.51,1.07,5,1,4
"185",178,125,4.34,0.72,5,2,4
"186",478,104,4.12,0.84,5,2,4
"187",688,44,1.84,1.08,5,1,1
"188",10,89,3.83,1.01,5,1,4
"189",127,413,4.28,0.93,5,1,5
"190",106,71,2.89,1.01,5,1,3
"191",69,321,3.85,1.08,5,1,4
"192",944,43,3,1.09,5,1,3
"193",790,66,2.91,1.06,5,1,3
"194",1091,43,2.72,0.98,4,1,3
"195",214,114,3.35,1.16,5,1,3
"196",1028,148,3.04,1.09,5,1,3
"197",554,102,2.8,1.08,5,1,3
"198",109,130,3.43,1.09,5,1,4
"199",171,65,3.88,1.01,5,1,4
"200",318,298,4.47,0.83,5,1,5
"201",568,230,3.65,0.97,5,1,4
"202",842,27,3.15,1.1,5,1,3
"203",65,115,3.54,0.96,5,1,4
"204",591,178,3.6,0.85,5,1,4
"205",401,76,2.8,1.13,5,1,3
"206",339,47,3.26,1.11,5,1,3
"207",746,119,3.66,0.92,5,1,4
"208",68,134,3.42,1.11,5,1,4
"209",7,392,3.8,0.98,5,1,4
"210",1018,32,3.19,0.86,5,1,3
"211",218,171,3.46,0.91,5,1,3
"212",623,39,2.92,1.09,5,1,3
"213",334,64,3.36,1.16,5,1,3
"214",344,55,3.65,1.13,5,1,4
"215",145,65,2.45,1.09,5,1,3
"216",56,394,4.06,1.15,5,1,4
"217",89,275,4.14,0.91,5,1,4
"218",141,72,3.5,0.73,5,2,4
"219",576,93,3.02,1.02,5,1,3
"220",133,171,3.87,1.07,5,1,4
"221",153,247,3.79,0.95,5,1,4
"222",813,56,3.89,1.02,5,1,4
"223",872,42,3.1,1.28,5,1,3
"224",146,10,2.5,1.18,4,1,3
"225",507,98,3.82,0.98,5,1,4
"226",367,170,3.46,0.92,5,1,4
"227",468,64,3.31,1.07,5,1,3
"228",595,64,3.09,0.99,5,1,3
"229",11,236,3.85,1.07,5,1,4
"230",520,124,4.1,0.85,5,2,4
"231",82,261,3.72,1.01,5,1,4
"232",501,123,3.5,1,5,1,3
"233",3,90,3.03,1.21,5,1,3
"234",695,13,2.92,1.26,5,1,3
"235",198,127,4.01,0.88,5,1,4
"236",189,66,4.11,0.91,5,1,4
"237",767,11,2.18,1.33,4,1,2
"238",705,137,3.99,0.99,5,1,4
"239",64,283,4.45,0.77,5,1,5
"240",357,264,4.29,0.84,5,1,4
"241",484,138,4.21,0.76,5,2,4
"242",508,215,3.6,0.97,5,1,4
"243",297,184,3.76,0.92,5,1,4
"244",215,212,3.7,1.03,5,1,4
"245",749,51,3.18,1.07,5,1,3
"246",829,34,2.65,1.01,5,1,3
"247",204,350,3.83,0.91,5,1,4
"248",1295,7,2.57,1.4,5,1,3
"249",33,97,3.45,1.06,5,1,4
"250",160,69,3.46,1.08,5,1,4
"251",321,169,3.13,1.04,5,1,3
"252",343,124,3.1,1.15,5,1,3
"253",227,161,3.28,1.05,5,1,3
"254",191,276,4.16,0.82,5,1,4
"255",903,18,3.11,1.02,5,1,3
"256",183,291,4.03,0.93,5,1,4
"257",724,76,3.49,0.96,5,1,4
"258",430,93,4,0.99,5,1,4
"259",1197,45,3.56,0.81,5,1,4
"260",134,198,4.29,0.85,5,2,5
"261",751,180,3.43,0.92,5,1,3
"262",212,92,3.46,1.24,5,1,4
"263",256,16,3.56,1.09,5,1,4
"264",662,82,3.43,0.97,5,1,3
"265",984,44,2.86,1.29,5,1,3
"266",1067,44,3.45,1.11,5,1,4
"267",410,162,3.13,1.22,5,1,3
"268",879,136,3.27,1.01,5,1,3
"269",271,211,3.23,1.17,5,1,3
"270",1086,21,3.29,1.15,5,1,3
"271",649,50,3.4,0.9,5,1,3
"272",951,39,2.82,1.1,5,1,3
"273",197,239,4.1,0.92,5,1,4
"274",678,219,2.81,1.02,5,1,3
"275",199,165,4.18,0.83,5,1,4
"276",709,104,4.03,0.9,5,1,4
"277",169,118,4.47,0.82,5,1,5
"278",597,206,3.15,0.98,5,1,3
"279",1393,9,2.11,0.78,3,1,2
"280",333,251,3.59,1.04,5,1,4
"281",1115,29,3.41,0.91,5,1,4
"282",577,41,2.22,0.99,4,1,2
"283",378,101,3.72,1.09,5,1,4
"284",425,85,3.74,0.99,5,1,4
"285",959,64,3.47,1.1,5,1,4
"286",1224,12,2.67,0.89,4,1,3
"287",1017,50,3.24,1.02,5,1,3
"288",175,208,3.82,1.11,5,1,4
"289",286,481,3.66,1.17,5,1,4
"290",558,70,3.67,1.1,5,1,4
"291",66,162,3.55,0.93,5,1,4
"292",206,50,3.38,1.12,5,1,4
"293",402,170,3.46,1.01,5,1,4
"294",640,82,3.02,1.32,5,1,3
"295",522,35,3.77,1.14,5,1,4
"296",62,127,3.14,1.01,5,1,3
"297",12,267,4.39,0.83,5,1,5
"298",291,127,3.37,0.95,5,1,3
"299",462,148,3.8,0.91,5,1,4
"300",612,34,3.94,0.81,5,2,4
"301",758,21,1.71,0.9,4,1,1
"302",845,176,3.47,0.98,5,1,3
"303",163,92,3.55,0.94,5,1,4
"304",1451,15,3.87,0.74,5,3,4
"305",250,197,3.48,1.11,5,1,4
"306",823,82,2.88,0.89,5,1,3
"307",186,251,3.84,0.93,5,1,4
"308",731,39,3.15,0.84,5,1,3
"309",71,220,3.78,0.98,5,1,4
"310",781,84,3.33,0.97,5,1,3
"311",176,284,3.95,0.93,5,1,4
"312",1181,10,2.5,1.08,4,1,2.5
"313",78,33,2.45,1.12,5,1,2
"314",436,99,3.54,0.92,5,1,4
"315",631,119,3.62,1.03,5,1,4
"316",716,58,3.16,1.23,5,1,3
"317",188,170,3.68,0.95,5,1,4
"318",699,102,3.68,0.96,5,1,4
"319",604,81,4.01,0.78,5,2,4
"320",97,256,3.79,1.04,5,1,4
"321",173,324,4.17,1,5,1,4
"322",460,28,3,1.09,5,1,3
"323",715,87,3.28,1.17,5,1,3
"324",17,92,3.12,1.18,5,1,3
"325",315,160,4.1,0.86,5,1,4
"326",505,68,4,0.75,5,2,4
"327",279,28,3.29,1.12,5,1,3.5
"328",80,68,2.76,0.99,5,1,3
"329",238,256,3.88,1.01,5,1,4
"330",60,64,4.02,1.06,5,1,4
"331",325,128,2.55,1.3,5,1,2
"332",407,43,2.51,1.01,5,1,2
"333",531,129,3.92,0.92,5,1,4
"334",587,14,3.57,0.51,4,3,4
"335",892,53,2.75,1.05,5,1,3
"336",1047,134,2.84,1.01,5,1,3
"337",47,133,3.6,1.07,5,1,4
"338",217,120,3.16,1.08,5,1,3
"339",259,162,2.69,1.14,5,1,3
"340",596,127,3.38,1,5,1,3
"341",960,25,3.24,1.3,5,1,4
"342",211,206,3.91,0.92,5,1,4
"343",938,25,2.88,1.09,5,1,3
"344",1060,39,3.05,1.15,5,1,3
"345",404,101,3.67,0.88,5,1,4
"346",305,108,3.61,1.05,5,1,4
"347",210,331,3.93,0.88,5,1,4
"348",278,60,3.23,1.16,5,1,3
"349",770,57,3.39,0.94,5,1,4
"350",252,158,2.94,1.05,5,1,3
"351",156,148,3.99,0.98,5,1,4
"352",1110,41,2.85,1.2,5,1,3
"353",350,41,3.15,1.22,5,1,3
"354",431,153,3.54,1.08,5,1,4
"355",475,250,3.88,1.08,5,1,4
"356",182,226,3.95,0.96,5,1,4
"357",50,583,4.36,0.88,5,1,5
"358",365,48,3.21,1.13,5,1,3
"359",187,209,4.19,0.92,5,1,4
"360",289,259,2.98,1.23,5,1,3
"361",185,239,4.1,0.92,5,1,4
"362",712,51,3.08,0.77,5,1,3
"363",94,137,3.09,1.04,5,1,3
"364",742,267,3.64,0.95,5,1,4
"365",762,115,3.39,0.96,5,1,3
"366",732,180,3.65,0.88,5,1,4
"367",168,316,4.07,0.99,5,1,4
"368",550,151,3.28,1.02,5,1,3
"369",849,53,2.72,1.03,5,1,3
"370",406,49,2.45,0.98,4,1,3
"371",150,157,3.83,1.06,5,1,4
"372",869,24,3,1.06,5,1,3
"373",184,116,3.43,1.18,5,1,4
"374",371,67,3.16,1.3,5,1,3
"375",720,86,3.02,1.12,5,1,3
"376",873,81,2.96,1.05,5,1,3
"377",381,100,3.55,1.02,5,1,4
"378",922,34,3.82,1.14,5,1,4
"379",57,40,4,1.15,5,1,4
"380",306,96,3.95,0.92,5,1,4
"381",370,39,2.82,1.17,5,1,3
"382",249,130,3.25,1.13,5,1,3
"383",721,54,3.44,1.14,5,1,3.5
"384",611,40,4.1,0.87,5,2,4
"385",142,57,3.07,1.02,5,1,3
"386",943,40,3.48,0.91,5,1,4
"387",126,97,3.8,1.06,5,1,4
"388",824,49,2.76,1.03,4,1,3
"389",8,219,4,1,5,1,4
"390",58,175,3.65,0.84,5,1,4
"391",266,69,2.64,1.42,5,1,3
"392",741,58,3.45,1.17,5,1,4
"393",1061,29,2.93,1.13,5,1,3
"394",448,85,3.39,0.98,5,1,3
"395",900,42,3.69,1,5,1,4
"396",941,46,3.07,1.14,5,1,3
"397",905,27,3.22,0.93,5,1,3
"398",1497,2,3,1.41,4,2,3
"399",55,149,3.7,1.02,5,1,4
"400",744,92,3.46,0.95,5,1,3
"401",642,89,3.48,0.99,5,1,4
"402",1015,12,2.83,1.34,5,1,3
"403",121,429,3.44,1.12,5,1,4
"404",301,230,3.3,1.1,5,1,3.5
"405",81,110,3.55,1.12,5,1,4
"406",284,193,3.16,1.04,5,1,3
"407",740,63,3.48,1.13,5,1,4
"408",22,297,4.15,0.96,5,1,4
"409",864,86,3.16,0.92,5,1,3
"410",1099,13,3.46,1.39,5,1,4
"411",961,34,3.62,1.21,5,1,4
"412",812,18,3.11,1.08,5,1,3
"413",240,156,2.79,1.26,5,1,3
"414",376,24,2.83,0.76,5,2,3
"415",931,57,2.16,0.9,4,1,2
"416",717,82,2.82,1.15,5,1,3
"417",399,89,3.3,0.93,5,1,3
"418",1039,90,4.01,0.85,5,2,4
"419",1114,10,3.3,1.34,5,1,3.5
"420",292,114,3.67,0.98,5,1,4
"421",561,59,3.07,1.1,5,1,3
"422",901,12,1.92,1.51,5,1,1
"423",70,251,3.66,0.89,5,1,4
"424",417,73,3.1,1.02,5,1,3
"425",809,43,2.91,1,5,1,3
"426",540,43,2.51,0.86,4,1,3
"427",293,147,3.8,0.82,5,1,4
"428",497,68,3.84,0.97,5,2,4
"429",1462,7,3.71,0.95,5,3,3
"430",1246,7,1.57,0.79,3,1,1
"431",655,227,3.88,0.85,5,1,4
"432",13,184,3.42,1.03,5,1,4
"433",588,202,3.79,0.98,5,1,4
"434",409,70,3.14,0.98,5,1,3
"435",739,164,3.32,1.09,5,1,3
"436",661,88,4.1,0.82,5,2,4
"437",665,100,2.83,1.1,5,1,3
"438",692,164,3.63,0.95,5,1,4
"439",439,5,1,0,1,1,1
"440",632,58,3.9,0.93,5,2,4
"441",1198,7,3.14,1.21,5,1,3
"442",609,60,3.58,0.79,5,2,4
"443",225,109,2.91,1.08,5,1,3
"444",128,65,3.54,1.03,5,1,4
"445",866,119,3.32,1.15,5,1,3
"446",295,77,3.4,1,5,1,3
"447",49,81,3.32,0.89,5,1,3
"448",626,4,3.25,1.71,5,1,3.5
"449",707,70,3.93,1.04,5,1,4
"450",586,34,2.68,0.91,4,1,3
"451",593,12,3.17,1.59,5,1,3.5
"452",147,185,3.47,1.07,5,1,4
"453",1220,30,3.33,1.18,5,1,3
"454",492,59,3.86,0.82,5,2,4
"455",620,43,3.09,0.75,4,2,3
"456",161,220,3.48,1.04,5,1,4
"457",1070,27,3.74,1.02,5,1,4
"458",449,117,3.03,1.07,5,1,3
"459",948,48,2.17,1.1,4,1,2
"460",509,121,3.85,0.92,5,1,4
"461",870,9,2.78,0.67,4,2,3
"462",39,87,3.26,1.03,5,1,3
"463",1100,8,2.62,1.06,4,1,2.5
"464",820,93,2.77,1,5,1,3
"465",660,153,3.76,0.97,5,1,4
"466",1022,32,3.44,1.37,5,1,4
"467",120,67,2.24,1.1,5,1,2
"468",780,69,3,1.22,5,1,3
"469",44,79,3.34,1.01,5,1,3
"470",686,50,3.68,0.94,5,2,4
"471",28,276,3.93,0.81,5,2,4
"472",729,81,3.48,0.92,5,1,4
"473",52,91,3.77,0.91,5,1,4
"474",230,199,3.45,1.03,5,1,3
"475",506,90,3.86,0.95,5,2,4
"476",566,179,3.57,0.85,5,1,4
"477",774,32,2.94,1.29,5,1,3
"478",878,41,2.46,1.32,5,1,2
"479",433,171,3.69,1,5,1,4
"480",99,172,3.71,0.9,5,1,4
"481",1288,7,3,1.41,4,1,4
"482",190,124,4.14,0.9,5,1,4
"483",1010,44,3.25,1.14,5,1,3
"484",877,52,2.54,1.13,5,1,2
"485",487,68,4.1,0.83,5,2,4
"486",1052,25,2.28,1.17,5,1,2
"487",287,78,3.59,0.9,5,1,4
"488",659,115,4.08,0.86,5,1,4
"489",927,6,3.17,1.17,4,1,3.5
"490",696,79,3.14,0.84,5,1,3
"491",269,315,3.93,0.95,5,1,4
"492",179,221,3.91,1.16,5,1,4
"493",440,14,1.64,1.01,4,1,1
"494",806,50,3.46,0.93,5,1,4
"495",572,29,2.76,0.95,5,1,3
"496",654,147,4.14,0.98,5,1,4
"497",324,125,3.14,1.3,5,1,3
"498",736,78,3.94,0.93,5,1,4
"499",92,104,3.62,0.99,5,1,4
"500",461,74,3.62,0.81,5,2,4
"501",129,129,3.82,0.95,5,1,4
"502",9,299,3.9,1.04,5,1,4
"503",152,82,3.63,1,5,1,4
"504",233,124,3.29,0.99,5,1,3
"505",589,43,4.02,0.91,5,2,4
"506",203,182,3.87,0.91,5,1,4
"507",1034,27,2.52,1.16,5,1,2
"508",923,58,4.16,0.87,5,2,4
"509",463,71,3.86,1,5,1,4
"510",122,106,2.34,1.11,5,1,2
"511",310,145,3.6,0.89,5,1,4
"512",285,162,4.27,0.87,5,1,4
"513",447,121,3.5,0.98,5,1,4
"514",412,93,2.4,1.13,5,1,2
"515",1428,12,3.67,0.78,5,3,3.5
"516",977,49,2.69,1.02,5,1,3
"517",1065,53,3.49,1.37,5,1,4
"518",421,106,3.59,1.17,5,1,4
"519",937,37,3.41,1.07,5,1,4
"520",583,37,3,1.18,5,1,3
"521",110,31,2.52,1.12,5,1,3
"522",251,46,4.26,1,5,1,5
"523",831,91,2.46,1.09,5,1,2
"524",543,21,3.62,1.2,5,1,4
"525",926,101,2.7,1.06,5,1,3
"526",155,98,3.1,1.14,5,1,3
"527",53,128,2.95,1.33,5,1,3
"528",393,192,3.41,0.97,5,1,4
"529",91,143,3.59,1.09,5,1,4
"530",477,95,3.21,1.18,5,1,3
"531",472,158,3.08,1.1,5,1,3
"532",761,44,3.05,1.03,5,1,3
"533",1286,17,3.71,1.1,5,2,4
"534",93,112,3.72,1.07,5,1,4
"535",644,35,3.77,1,5,1,4
"536",982,20,2.8,1.2,5,1,3
"537",491,67,3.79,0.84,5,2,4
"538",511,173,4.23,0.87,5,2,4
"539",397,12,2.58,1,4,1,3
"540",162,106,3.56,1.01,5,1,3
"541",513,72,4.33,0.79,5,1,4
"542",375,23,1.96,1.15,5,1,2
"543",38,120,3.01,1.02,5,1,3
"544",418,129,3.58,0.9,5,1,4
"545",858,3,1,0,1,1,1
"546",131,95,3.73,1.04,5,1,4
"547",87,138,3.91,0.95,5,1,4
"548",725,16,2.75,0.93,4,1,3
"549",72,129,3.19,0.98,5,1,3
"550",663,116,3.91,1.06,5,1,4
"551",1133,30,2.97,0.89,5,1,3
"552",125,244,3.56,0.97,5,1,4
"553",1248,19,3,0.75,4,1,3
"554",354,72,3.49,0.98,5,1,4
"555",105,74,2.57,0.97,5,1,3
"556",73,128,3.47,0.85,5,1,3
"557",239,150,3.51,0.9,5,1,3
"558",860,16,2.25,1.18,5,1,2
"559",1046,46,3.17,0.9,5,1,3
"560",1178,19,2.47,1.02,4,1,3
"561",523,164,3.99,0.79,5,2,4
"562",634,24,3.75,1.22,5,1,4
"563",1245,19,3.21,1.32,5,1,3
"564",974,32,3.03,1.06,5,1,3
"565",619,64,3.17,0.85,5,1,3
"566",107,42,3.5,1.13,5,1,4
"567",213,134,3.99,0.91,5,2,4
"568",319,168,3.27,1.12,5,1,3
"569",963,41,4.29,0.87,5,1,4
"570",875,53,2.74,1.26,5,1,3
"571",180,221,4.05,0.97,5,1,4
"572",1033,32,2.78,1.24,5,1,3
"573",380,116,3.34,0.95,5,1,3
"574",59,83,4.06,1.02,5,1,4
"575",1078,22,2.77,1.11,5,1,3
"576",585,39,2.49,1.14,5,1,2
"577",148,128,3.2,1.05,5,1,3
"578",683,49,2.41,1.17,5,1,3
"579",454,16,2.88,1.09,5,1,3
"580",737,59,2.98,1.11,5,1,3
"581",524,46,4.02,0.93,5,1,4
"582",995,31,3.16,1.21,5,1,3
"583",616,64,3.42,1.1,5,1,4
"584",945,40,3.92,0.86,5,2,4
"585",299,73,2.93,1.19,5,1,3
"586",792,86,3.72,0.92,5,1,4
"587",708,101,3.48,0.91,5,1,4
"588",950,30,2.9,0.99,5,1,3
"589",27,57,3.11,1.1,5,1,3
"590",747,102,3.46,0.93,5,1,3.5
"591",85,58,3.03,1.06,5,1,3
"592",516,63,3.97,1.05,5,1,4
"593",1063,41,3.66,1.11,5,1,4
"594",682,100,3.06,1.2,5,1,3
"595",221,74,3.73,1.11,5,1,4
"596",1150,9,3.11,1.45,5,1,4
"597",847,55,3.73,0.87,5,1,4
"598",138,19,2.58,1.39,5,1,3
"599",517,91,3.77,1.02,5,1,4
"600",283,177,3.72,0.98,5,1,4
"601",602,50,3.7,0.86,5,1,4
"602",573,69,2.97,1.2,5,1,3
"603",617,18,3.78,0.65,5,3,4
"604",569,67,2.7,0.95,5,1,3
"605",1332,2,2,1.41,3,1,2
"606",703,19,3.58,0.84,5,2,4
"607",386,87,2.82,0.95,5,1,3
"608",331,113,3.54,0.94,5,1,4
"609",355,41,2.93,1.01,5,1,3
"610",949,71,3.34,0.92,5,1,3
"611",488,65,4.2,0.81,5,2,4
"612",114,67,4.45,0.76,5,1,5
"613",24,174,3.45,1,5,1,4
"614",763,149,3.39,1.22,5,1,3
"615",43,40,3,0.88,5,1,3
"616",953,22,3.32,0.99,5,2,3
"617",510,121,3.94,0.91,5,1,4
"618",372,34,3.53,0.99,5,1,4
"619",335,21,2.76,1.14,5,1,3
"620",779,31,2.55,0.93,4,1,3
"621",435,216,3.95,0.86,5,1,4
"622",223,136,4.2,0.8,5,1,4
"623",1334,2,1,0,1,1,1
"624",835,15,3.87,0.92,5,3,4
"625",1327,3,2.33,1.53,4,1,2
"626",263,19,2.16,1.5,5,1,1
"627",450,63,2.4,1.17,5,1,2
"628",651,171,4.08,0.78,5,2,4
"629",316,112,4.2,0.8,5,1,4
"630",929,40,2.7,1.07,4,1,3
"631",580,32,3.38,1.16,5,1,3
"632",1041,62,3.19,1.05,5,1,3
"633",424,19,1.32,0.67,3,1,1
"634",429,97,3.94,0.89,5,1,4
"635",868,5,3.8,1.1,5,2,4
"636",1161,13,2.92,0.86,4,1,3
"637",166,58,4.12,0.73,5,3,4
"638",1162,5,1.6,0.89,3,1,1
"639",1019,31,3.97,1.05,5,1,4
"640",908,20,2.5,1.5,5,1,3
"641",1160,26,3.62,1.3,5,1,4
"642",676,77,3.34,1.02,5,1,3
"643",1012,100,3.53,1.07,5,1,4
"644",1209,15,2.53,1.06,4,1,3
"645",693,91,3.65,0.98,5,1,4
"646",282,232,3.69,0.95,5,1,4
"647",253,26,3.69,1.38,5,1,4
"648",428,121,3.82,1.02,5,1,4
"649",1350,2,1.5,0.71,2,1,1.5
"650",363,47,2.72,1.04,5,1,3
"651",300,431,3.63,1,5,1,4
"652",1346,5,2.4,1.34,4,1,3
"653",1119,59,3.66,0.82,5,1,4
"654",674,48,2.9,0.88,5,1,3
"655",411,163,2.91,1.09,5,1,3
"656",527,195,4.02,0.8,5,1,4
"657",1397,5,3.2,1.3,4,1,4
"658",807,9,2.78,1.3,4,1,3
"659",657,131,4.26,0.76,5,1,4
"660",1142,44,4.05,1.1,5,1,4
"661",113,9,4.11,0.78,5,3,4
"662",426,32,2.84,1.25,5,1,3
"663",1109,28,3.43,0.96,5,1,3.5
"664",116,125,3.82,1.06,5,1,4
"665",898,58,3.22,1.35,5,1,3
"666",723,34,3.15,1.16,5,1,3
"667",243,132,2.44,1.15,5,1,2
"668",582,168,3.6,1.13,5,1,4
"669",778,76,3.55,0.99,5,1,4
"670",308,30,2.97,1.27,5,1,3
"671",1007,47,4.13,0.68,5,3,4
"672",641,33,4.21,1.02,5,1,4
"673",1165,14,1.86,0.77,3,1,2
"674",764,29,2.76,1.18,5,1,3
"675",1011,93,3.23,0.96,5,1,3
"676",1101,74,3.77,0.88,5,1,4
"677",396,54,2.81,1.17,5,1,3
"678",1260,4,2.75,1.71,5,1,2.5
"679",904,20,3.45,1.47,5,1,3.5
"680",312,80,3.16,1.1,5,1,3
"681",1048,73,3.01,0.98,5,1,3
"682",627,75,3.23,1.09,5,1,3
"683",571,28,2.5,1,5,1,3
"684",552,45,2.87,1.1,5,1,3
"685",1278,16,3.62,1.26,5,1,4
"686",499,62,3.95,0.73,5,2,4
"687",1186,3,3.33,0.58,4,3,3
"688",1057,22,2.32,0.95,4,1,2
"689",207,66,3.82,1.01,5,1,4
"690",309,29,2.83,1.34,5,1,3
"691",671,46,3.61,1.04,5,1,3
"692",83,176,4.06,0.87,5,1,4
"693",482,128,3.98,0.97,5,1,4
"694",276,298,3.7,1.17,5,1,4
"695",1094,12,2.42,1.56,5,1,2
"696",647,70,4.1,0.98,5,1,4
"697",578,92,3.15,1.05,5,1,3
"698",1021,38,3.82,1.18,5,1,4
"699",886,53,3.08,1.19,5,1,3
"700",1151,7,2.14,0.9,3,1,2
"701",855,66,3.73,1.03,5,1,4
"702",942,45,3.49,0.92,5,1,4
"703",826,80,2.58,1.06,5,1,3
"704",1044,40,3.23,0.97,5,1,3
"705",254,62,2.45,1.08,5,1,2
"706",290,96,3.11,0.94,5,1,3
"707",848,9,3.56,0.88,5,2,4
"708",542,51,2.53,1.08,5,1,3
"709",581,59,3.22,1.13,5,1,3
"710",1229,13,2.15,1.14,5,1,2
"711",718,16,3.69,1.25,5,1,4
"712",337,18,3,1.28,5,1,3
"713",1107,18,3.06,1,4,1,3
"714",539,44,2.48,1.11,4,1,3
"715",821,22,3.05,1.09,5,1,3
"716",364,37,2.68,1.11,5,1,3
"717",553,63,3.29,1.1,5,1,3
"718",313,350,4.25,0.95,5,1,5
"719",1218,26,3.46,0.95,5,1,3.5
"720",115,15,3.73,1.22,5,1,4
"721",1129,28,3.57,1.26,5,1,4
"722",493,60,4.15,0.82,5,2,4
"723",36,13,2.15,0.9,4,1,2
"724",205,136,3.99,0.96,5,1,4
"725",102,54,3.13,1.1,5,1,3
"726",1249,12,2.83,0.83,4,1,3
"727",773,17,2.94,1.03,4,1,3
"728",494,56,4,0.74,5,3,4
"729",192,116,4.12,0.94,5,1,4
"730",687,69,2.19,1.12,5,1,2
"731",772,49,3.06,1.25,5,1,3
"732",921,46,3.98,1.02,5,1,4
"733",42,148,3.8,1.12,5,1,4
"734",469,67,3.78,0.98,5,1,4
"735",874,39,3.26,1.16,5,1,3
"736",1216,6,3,0.89,4,2,3
"737",1139,33,2.61,1.09,5,1,3
"738",547,41,3.34,1.24,5,1,4
"739",157,127,3.69,1,5,1,4
"740",1208,20,2.85,0.93,4,1,3
"741",1157,25,2.88,1.27,5,1,3
"742",808,31,2.84,0.97,5,1,3
"743",906,21,3.19,1.29,5,1,3
"744",535,54,3.17,1,5,1,3
"745",470,108,3.67,0.98,5,1,4
"746",714,13,3.23,1.01,4,1,4
"747",939,60,3.6,0.76,5,2,4
"748",738,31,2.84,1.04,5,1,3
"749",525,73,4.03,1.01,5,1,4
"750",340,189,3.59,1.18,5,1,4
"751",1037,24,2,1.1,5,1,2
"752",530,80,4.03,0.9,5,1,4
"753",528,121,4.13,0.83,5,1,4
"754",754,57,3.39,1.01,5,1,3
"755",1436,2,2.5,0.71,3,2,2.5
"756",771,41,2.63,0.92,5,1,3
"757",226,166,3.36,1,5,1,3
"758",1383,6,2,1.26,4,1,1.5
"759",745,16,3.88,1.2,5,1,4
"760",1316,7,2.71,1.7,5,1,3
"761",846,44,3.07,1,5,2,3
"762",605,31,3.35,0.91,5,1,3
"763",575,44,2.55,1.04,5,1,3
"764",1284,26,2.85,1.01,5,1,3
"765",1298,9,3.67,1.12,5,2,3
"766",529,93,3.98,0.87,5,1,4
"767",743,39,1.95,1.12,5,1,2
"768",840,53,2.66,1.14,5,1,3
"769",244,48,3.17,1.06,5,1,3
"770",760,46,2.65,1.25,5,1,3
"771",1006,23,2.83,1.15,5,1,3
"772",1228,48,2.46,1.07,4,1,3
"773",1095,29,2.62,1.05,5,1,2
"774",34,7,2.71,1.38,5,1,2
"775",103,15,1.87,0.92,3,1,2
"776",441,53,2.57,0.97,5,1,3
"777",90,95,3.05,1.1,5,1,3
"778",1005,22,3.68,1.29,5,1,4
"779",863,24,3.92,0.88,5,2,4
"780",473,126,3.13,1,5,1,3
"781",1281,13,3.15,1.07,5,1,3
"782",356,97,3.38,0.88,5,1,3
"783",630,31,3.29,0.9,5,2,3
"784",793,10,3.5,1.35,5,1,3.5
"785",766,9,3.11,0.93,4,1,3
"786",1206,19,2.68,1,5,1,3
"787",1342,2,2.5,2.12,4,1,2.5
"788",980,22,3.18,1.14,5,1,3
"789",1263,15,2.93,0.88,4,1,3
"790",1376,7,2.14,1.07,4,1,2
"791",1182,13,2.31,0.75,3,1,2
"792",457,27,1.74,1.06,4,1,1
"793",710,79,3.57,0.87,5,1,4
"794",615,59,4.05,0.86,5,2,4
"795",101,73,3.26,1.19,5,1,3
"796",697,40,3.42,1.26,5,1,4
"797",1199,23,2.87,1.39,5,1,3
"798",395,56,2.59,1.01,5,1,3
"799",983,15,2.4,0.74,4,1,2
"800",684,169,3.79,0.79,5,1,4
"801",971,34,3.68,0.91,5,1,4
"802",1116,13,3.62,0.65,5,3,4
"803",556,12,2.5,0.9,4,1,3
"804",853,14,3.86,1.61,5,1,4.5
"805",311,75,3.68,0.9,5,1,4
"806",1073,66,3.82,1.08,5,1,4
"807",975,44,3.16,1.08,5,1,3
"808",361,10,3.5,1.72,5,1,4
"809",643,4,3,1.41,4,1,3.5
"810",704,24,3.04,0.81,5,2,3
"811",997,16,2.12,1.15,4,1,2
"812",260,127,2.57,1.21,5,1,3
"813",990,33,3.09,1.38,5,1,3
"814",969,75,3.8,1.09,5,1,4
"815",167,67,2.96,0.89,5,1,3
"816",650,72,3.54,1.2,5,1,4
"817",320,20,4.05,1.32,5,1,5
"818",63,82,3.1,0.95,5,1,3
"819",965,21,3.67,0.91,5,2,4
"820",652,90,3.89,0.95,5,1,4
"821",1059,35,2.77,1.29,5,1,3
"822",882,34,3.29,1.19,5,1,3
"823",1164,6,2.17,0.98,3,1,2.5
"824",1207,17,2.29,1.16,5,1,2
"825",786,14,2.64,1.08,4,1,3
"826",614,51,3.75,0.84,5,2,4
"827",810,45,2.89,0.91,5,1,3
"828",1222,25,2.68,0.99,5,1,3
"829",139,50,2.78,0.93,5,1,3
"830",769,42,2.45,1.25,5,1,2.5
"831",765,32,2.81,0.97,4,1,3
"832",67,103,3.05,1.22,5,1,3
"833",624,22,3.27,1.16,5,2,3
"834",1001,17,2,1.41,5,1,1
"835",797,31,3.1,0.87,5,1,3
"836",883,13,3.23,1.36,5,1,3
"837",752,39,3.31,1.13,5,1,3
"838",1315,23,3.13,0.97,4,1,3
"839",560,22,2.73,0.94,4,1,3
"840",345,65,3.4,1.18,5,1,4
"841",1194,31,4.06,0.89,5,1,4
"842",464,27,3.59,1.15,5,1,4
"843",1348,1,1,NA,1,1,1
"844",932,40,2.92,1.14,5,1,3
"845",1179,9,2.11,1.05,4,1,2
"846",536,10,3.3,1.34,5,1,3.5
"847",369,55,2.64,1.24,5,1,3
"848",1250,6,1.5,0.84,3,1,1
"849",880,59,3.17,1.22,5,1,3
"850",629,77,3.34,0.93,5,1,3
"851",775,26,2.77,1.18,5,1,3
"852",1289,7,2.14,1.07,4,1,2
"853",544,71,3.15,1.06,5,1,3
"854",170,121,4.17,0.94,5,1,4
"855",1518,12,3,0.85,4,2,3
"856",413,55,2.64,1.08,5,1,3
"857",618,18,3.61,0.78,5,2,4
"858",326,175,3.36,1.16,5,1,3
"859",123,115,3.23,0.99,5,1,3
"860",628,169,3.51,0.95,5,1,4
"861",262,66,3.71,1.13,5,1,4
"862",31,154,3.63,0.89,5,1,4
"863",1180,10,2.5,0.85,4,1,2.5
"864",414,62,3.53,0.94,5,1,4
"865",490,50,4.02,0.77,5,2,4
"866",839,4,2.5,1.73,4,1,2.5
"867",453,16,1.94,0.93,4,1,2
"868",149,23,3,1.24,5,1,3
"869",1320,1,1,NA,1,1,1
"870",827,57,2.77,1.04,5,1,3
"871",124,187,4.05,0.91,5,1,4
"872",570,50,3.1,0.97,5,1,3
"873",843,30,3,1.02,5,1,3
"874",844,42,3.36,1.21,5,1,4
"875",420,81,3.67,0.85,5,1,4
"876",590,18,2,1.03,4,1,2
"877",1230,18,1.83,0.79,3,1,2
"878",1324,5,2.4,1.14,4,1,2
"879",895,106,3.22,1.1,5,1,3
"880",1149,26,3.85,0.67,5,3,4
"881",567,35,2.8,1.21,5,1,3
"882",606,66,4.05,0.87,5,2,4
"883",816,21,2.43,1.36,5,1,2
"884",672,65,2.72,1.22,5,1,3
"885",584,79,3.54,0.96,5,1,4
"886",521,120,3.83,1.04,5,1,4
"887",728,45,3.02,0.78,4,1,3
"888",689,87,3.15,1.17,5,1,3
"889",329,72,3.32,0.98,5,1,3
"890",859,15,2.67,0.9,4,1,3
"891",456,48,2.31,1.09,5,1,3
"892",791,10,2.5,1.27,5,1,2
"893",159,101,3.23,0.89,5,1,3
"894",489,52,4.12,0.76,5,2,4
"895",1266,12,3.17,1.4,5,1,3.5
"896",1416,5,2.4,0.55,3,2,2
"897",988,86,2.31,1.11,5,1,2
"898",636,91,3.24,0.9,5,1,3
"899",1411,28,2.57,1.1,4,1,3
"900",533,15,3.67,0.9,5,2,4
"901",1394,7,2.43,1.81,5,1,1
"902",819,40,2.7,0.94,4,1,3
"903",495,59,3.66,0.78,5,2,4
"904",1093,23,3.09,1.41,5,1,3
"905",1492,1,4,NA,4,4,4
"906",30,37,3.95,0.85,5,1,4
"907",314,5,1,0,1,1,1
"908",958,14,3.79,1.25,5,1,4
"909",841,48,2.75,1.06,5,1,3
"910",838,4,2.75,1.71,5,1,2.5
"911",702,53,3.02,1.12,5,1,3
"912",1020,35,3.89,0.76,5,2,4
"913",947,17,3.24,1.15,5,1,3
"914",1000,10,3,0.67,4,2,3
"915",104,5,1.4,0.89,3,1,1
"916",1322,6,2.33,0.82,3,1,2.5
"917",622,39,3.36,0.81,5,1,3
"918",481,63,3.94,1.01,5,1,4
"919",532,22,3.32,1.04,5,1,3
"920",915,13,3.92,0.86,5,2,4
"921",502,57,3.7,1.03,5,1,4
"922",1291,15,2.2,1.01,4,1,2
"923",330,41,3.02,1.17,5,1,3
"924",802,40,2.7,1.04,5,1,3
"925",37,8,2.25,1.04,4,1,2
"926",1025,44,2.93,1.3,5,1,3
"927",1364,1,1,NA,1,1,1
"928",727,63,3.46,1.12,5,1,4
"929",828,13,2.69,1.25,5,1,3
"930",548,12,2.17,1.19,5,1,2
"931",1132,32,2.62,1.13,5,1,3
"932",993,66,3.52,0.96,5,1,4
"933",136,105,4.12,0.9,5,1,4
"934",996,14,2.5,1.09,4,1,3
"935",562,48,3.21,1.13,5,1,3
"936",653,34,3.91,0.87,5,1,4
"937",74,7,3,1.41,5,1,3
"938",1493,1,1,NA,1,1,1
"939",45,80,4.05,0.88,5,1,4
"940",867,6,4,0.89,5,3,4
"941",876,92,2.82,1.13,5,1,3
"942",158,60,2.62,0.94,5,1,3
"943",1183,19,2.21,1.08,4,1,2
"944",1118,47,3.26,0.99,5,1,3
"945",610,41,3.66,1.04,5,1,4
"946",887,64,3.61,1.19,5,1,4
"947",1299,8,3,0.93,4,2,3
"948",918,8,3,1.07,4,1,3
"949",41,37,3.08,1.14,5,1,3
"950",1066,16,3,1.21,5,1,3
"951",336,43,2.63,1.22,5,1,2
"952",1117,19,3.11,0.99,5,1,3
"953",1169,10,4.1,0.57,5,3,4
"954",1262,8,3.62,1.19,5,2,3
"955",270,136,3.6,0.95,5,1,4
"956",1053,24,3.46,0.98,5,1,3
"957",1464,3,2.33,1.53,4,1,2
"958",374,11,2.27,1.19,4,1,2
"959",621,11,2.91,1.3,5,1,3
"960",607,66,3.97,0.93,5,1,4
"961",1030,20,2.25,1.16,5,1,2
"962",777,4,1.25,0.5,2,1,1
"963",700,15,2.6,1.06,5,1,3
"964",925,34,3.32,0.91,5,2,3
"965",928,104,3.12,1.08,5,1,3
"966",394,12,3.33,1.23,5,1,3.5
"967",549,92,3.57,0.91,5,1,4
"968",999,10,2.8,1.14,4,1,2.5
"969",1471,9,2.44,1.13,4,1,2
"970",341,11,3.09,1.58,5,1,3
"971",1009,64,3.38,1.15,5,1,4
"972",391,59,2.75,0.96,5,1,3
"973",467,48,3.79,0.8,5,2,4
"974",811,18,3.94,0.54,5,3,4
"975",805,27,3.63,0.84,5,2,4
"976",519,80,4.1,0.76,5,2,4
"977",1036,24,2.75,1.19,5,1,2
"978",84,18,3,1.03,5,1,3
"979",894,19,1.89,1.37,5,1,1
"980",574,15,2.2,1.32,5,1,2
"981",1113,22,3.27,1.08,5,1,3
"982",1306,2,3,2.83,5,1,3
"983",638,44,3.77,0.94,5,1,4
"984",1314,11,2.45,0.82,3,1,3
"985",1131,13,4,0.82,5,3,4
"986",1069,18,3.17,1.42,5,1,4
"987",1084,21,3.86,1.06,5,2,4
"988",1407,20,2.25,0.79,3,1,2
"989",1242,5,2.6,1.82,5,1,2
"990",359,18,3.5,1.34,5,1,3
"991",579,19,2.63,1.07,4,1,3
"992",884,7,3.29,1.89,5,1,4
"993",691,16,3.5,1.03,5,1,4
"994",954,11,3.55,1.04,5,2,4
"995",261,43,2.56,1.33,5,1,3
"996",1112,15,2.8,0.86,4,1,3
"997",1090,37,2.41,1.19,5,1,2
"998",445,22,3.5,0.86,5,2,4
"999",108,65,3.08,1.08,5,1,3
"1000",635,23,2.74,1.05,5,1,3
"1001",1135,46,2.98,1.09,5,1,3
"1002",76,54,3.41,0.86,5,1,3.5
"1003",1082,8,2.62,0.52,3,2,3
"1004",1215,30,1.93,0.98,4,1,2
"1005",1328,6,3.17,1.33,4,1,4
"1006",1013,38,2.29,1.01,4,1,2
"1007",1170,27,3.07,1.07,5,1,3
"1008",1265,19,3.05,1.27,5,1,3
"1009",735,137,3.85,0.95,5,2,4
"1010",352,26,2.12,1.51,5,1,1
"1011",833,49,3.2,1.14,5,1,3
"1012",722,58,2.93,0.92,5,1,3
"1013",434,67,3.84,0.86,5,1,4
"1014",801,16,2.81,0.66,4,1,3
"1015",224,44,3.7,1.07,5,1,4
"1016",358,143,2.62,1.14,5,1,3
"1017",966,26,4.19,0.9,5,2,4
"1018",1351,3,2,1,3,1,2
"1019",675,54,3.56,1.08,5,1,4
"1020",991,25,2.24,1.09,5,1,2
"1021",633,69,4.06,0.86,5,2,4
"1022",1102,7,2.43,1.4,4,1,3
"1023",1424,3,2.33,1.15,3,1,3
"1024",1163,25,2.68,1.22,5,1,2
"1025",1413,8,2.75,1.28,5,1,2.5
"1026",830,1,1,NA,1,1,1
"1027",924,85,3.4,1.14,5,1,3
"1028",976,12,1.83,1.19,5,1,1.5
"1029",825,83,3.04,1.18,5,1,3
"1030",389,27,3.44,1.05,5,1,3
"1031",1189,3,5,0,5,5,5
"1032",978,27,2.52,1.12,5,1,2
"1033",444,46,2.72,1.07,5,1,3
"1034",1484,3,2.67,1.53,4,1,3
"1035",362,28,2.82,1.36,5,1,3
"1036",1442,5,2.4,1.34,4,1,3
"1037",1419,16,2.12,1.09,5,1,2
"1038",1241,6,2.67,1.21,4,1,2.5
"1039",613,27,4.04,0.9,5,2,4
"1040",656,44,4,0.96,5,1,4
"1041",734,27,2.52,0.85,4,1,3
"1042",946,61,3.15,1.08,5,1,3
"1043",913,2,2.5,2.12,4,1,2.5
"1044",1172,15,3.67,1.18,5,1,4
"1045",1108,5,2.4,1.34,4,1,3
"1046",1347,4,2.75,1.71,5,1,2.5
"1047",1074,77,2.96,1.06,5,1,3
"1048",1187,13,3.23,1.09,5,1,3
"1049",856,36,3.83,1.06,5,1,4
"1050",1212,6,2.83,0.98,4,2,2.5
"1051",1105,18,2.83,1.34,5,1,3
"1052",6,26,3.58,1.3,5,1,4
"1053",964,9,3.33,1.22,5,1,4
"1054",1043,8,3,1.2,5,1,3
"1055",398,26,2.08,1.06,4,1,2
"1056",694,44,4.05,1.1,5,1,4
"1057",1072,7,2.43,1.13,4,1,3
"1058",1141,9,3.33,0.87,5,2,3
"1059",733,15,3.2,1.08,5,1,3
"1060",1051,41,3.24,0.97,5,1,3
"1061",1478,18,2.72,1.02,4,1,3
"1062",19,69,3.96,1.06,5,1,4
"1063",1210,38,2.74,1.18,5,1,3
"1064",962,23,3.13,1.18,5,1,4
"1065",1203,21,4.05,1.12,5,2,4
"1066",563,29,2.41,1.12,5,1,2
"1067",1097,18,3.5,1.25,5,1,4
"1068",1292,3,1.67,1.15,3,1,1
"1069",458,90,3.12,1.11,5,1,3
"1070",871,75,2.4,1.04,5,1,2
"1071",1062,12,3.75,1.48,5,1,4
"1072",608,30,3.93,0.52,5,3,4
"1073",788,3,1.67,1.15,3,1,1
"1074",1508,3,2.33,1.15,3,1,3
"1075",1283,19,2.68,1.16,5,1,3
"1076",557,17,3.12,1.32,5,1,3
"1077",936,32,3.94,0.95,5,1,4
"1078",1362,2,2,1.41,3,1,2
"1079",551,24,2.42,1.14,5,1,2
"1080",1498,1,4,NA,4,4,4
"1081",782,10,2.6,0.84,4,1,3
"1082",1225,14,2.64,0.74,4,1,3
"1083",1050,43,3.65,0.84,5,2,4
"1084",986,23,2.57,1.31,5,1,3
"1085",1188,44,2.77,1.01,5,1,3
"1086",1272,5,1.8,1.1,3,1,1
"1087",1268,10,3.3,1.42,5,1,3
"1088",415,25,2.84,0.85,4,1,3
"1089",1372,3,3,1.73,4,1,4
"1090",646,38,3.87,0.91,5,2,4
"1091",902,42,3.83,1.1,5,1,4
"1092",555,10,2,1.25,4,1,1.5
"1093",383,31,2.06,0.89,5,1,2
"1094",1239,18,2.44,1.25,5,1,2
"1095",1277,19,3.42,1.12,5,1,4
"1096",681,27,2.44,1.4,5,1,2
"1097",934,68,2.93,0.98,5,1,3
"1098",972,28,3.18,0.86,5,1,3
"1099",1152,28,3.43,1.17,5,1,4
"1100",645,27,3.81,0.96,5,1,4
"1101",664,46,3.54,1.03,5,1,4
"1102",795,21,2.43,0.93,4,1,2
"1103",940,32,2.34,0.94,5,1,2
"1104",1104,4,3,1.83,5,1,3
"1105",783,37,2.73,1.02,4,1,3
"1106",373,39,2.9,0.97,5,1,3
"1107",713,72,3.61,0.99,5,1,4
"1108",1126,32,3.34,1.29,5,1,4
"1109",342,52,2.92,1.2,5,1,3
"1110",1127,11,2.91,1.3,5,1,3
"1111",1503,10,3.1,1.2,5,1,3
"1112",818,25,2.76,1.05,5,1,3
"1113",896,44,3.77,1.01,5,2,4
"1114",351,20,2.7,1.17,5,1,3
"1115",1004,9,3.11,1.05,4,1,3
"1116",1008,37,3.38,1.11,5,1,4
"1117",1106,4,3,1.15,4,2,3
"1118",850,4,4,1.41,5,2,4.5
"1119",1226,32,3.38,0.79,4,2,4
"1120",639,40,3.7,0.99,5,1,4
"1121",422,26,2.85,1.05,5,1,3
"1122",910,4,2,0.82,3,1,2
"1123",1500,2,5,0,5,5,5
"1124",1463,3,3.33,2.08,5,1,4
"1125",1002,8,1.88,1.25,4,1,1
"1126",1495,5,3.6,0.89,5,3,3
"1127",1401,18,3.22,1.17,5,1,3
"1128",119,4,4.5,1,5,3,5
"1129",1040,25,2.6,1.04,5,1,3
"1130",1312,7,3,1.15,4,1,3
"1131",537,30,3.63,1.07,5,1,4
"1132",992,4,3,1.15,4,2,3
"1133",1384,3,1.67,1.15,3,1,1
"1134",1487,5,2,1,3,1,2
"1135",1192,13,3.38,1.39,5,1,4
"1136",1136,29,3.48,1.06,5,1,4
"1137",1227,8,2.38,1.06,4,1,2.5
"1138",1128,13,2.69,1.32,5,1,3
"1139",1371,2,1.5,0.71,2,1,1.5
"1140",1032,16,2.88,1.09,5,1,3
"1141",1071,16,2.88,0.96,4,1,3
"1142",814,1,5,NA,5,5,5
"1143",503,39,3.64,0.67,5,2,4
"1144",1253,7,2.43,1.27,4,1,2
"1145",1318,3,1.33,0.58,2,1,1
"1146",1378,5,2.2,0.84,3,1,2
"1147",753,24,3.71,1.3,5,1,4
"1148",1124,12,3.83,0.39,4,3,4
"1149",1520,1,3,NA,3,3,3
"1150",1270,7,2.29,0.95,3,1,3
"1151",1089,38,2.13,1.09,5,1,2
"1152",1123,3,3.67,0.58,4,3,4
"1153",1190,11,3.36,1.03,5,2,3
"1154",1459,7,3.57,0.98,5,2,4
"1155",1202,8,3.5,1.2,5,1,4
"1156",637,38,3.03,0.85,5,1,3
"1157",390,10,3.2,1.4,5,1,3
"1158",349,31,2.9,1.14,5,1,3
"1159",538,66,3.42,1.1,5,1,4
"1160",601,20,4,0.86,5,3,4
"1161",698,10,3,1.15,4,1,3.5
"1162",1386,6,2.67,1.37,4,1,3
"1163",1168,22,3.32,1.04,5,1,3.5
"1164",1023,31,2.58,0.92,4,1,3
"1165",437,5,1,0,1,1,1
"1166",1276,8,2.5,1.2,4,1,2.5
"1167",933,21,2.43,1.03,4,1,3
"1168",1077,8,3.12,0.99,4,1,3
"1169",968,18,3.72,1.07,5,1,4
"1170",1120,17,3,1.12,5,1,3
"1171",1221,39,3.49,1.02,5,1,3
"1172",956,46,3.61,0.86,5,1,4
"1173",353,14,2.43,1.4,5,1,2
"1174",1244,36,2.92,0.94,5,1,3
"1175",759,11,2.18,0.98,4,1,2
"1176",1024,15,3.6,1.24,5,1,3
"1177",1425,10,2.6,1.17,4,1,2.5
"1178",1259,4,2,1.15,3,1,2
"1179",711,4,3.25,0.96,4,2,3.5
"1180",1409,7,2.86,1.21,4,1,3
"1181",1254,11,1.82,0.87,3,1,2
"1182",112,20,2.45,1.23,5,1,2.5
"1183",1232,17,2.47,1.12,5,1,3
"1184",888,15,3.47,1.3,5,1,4
"1185",1213,6,2.17,0.75,3,1,2
"1186",1258,23,2.52,1.12,5,1,3
"1187",854,16,3.38,1.71,5,1,4
"1188",236,45,3.62,1.07,5,1,4
"1189",834,25,2.2,1.26,5,1,2
"1190",1083,6,2.5,0.84,3,1,3
"1191",1368,6,3.67,1.75,5,1,4.5
"1192",889,13,3.38,1.04,5,2,3
"1193",1466,6,4,0.89,5,3,4
"1194",893,14,2.43,0.94,4,1,3
"1195",776,9,3.22,1.3,5,1,4
"1196",1390,2,2,1.41,3,1,2
"1197",1282,9,3.22,1.3,5,1,3
"1198",952,45,3.18,1.09,5,1,3
"1199",1370,3,2.67,1.53,4,1,3
"1200",907,2,2,1.41,3,1,2
"1201",861,3,2.33,1.15,3,1,3
"1202",1054,23,2.3,1.15,5,1,3
"1203",46,27,3.56,0.93,5,1,4
"1204",598,4,2.25,0.96,3,1,2.5
"1205",1480,11,2.27,1.01,4,1,2
"1206",1297,12,2.83,1.19,4,1,3
"1207",1167,11,3.55,1.44,5,1,4
"1208",1300,9,2.33,1,4,1,2
"1209",1446,15,3.13,1.06,5,1,3
"1210",784,2,1,0,1,1,1
"1211",1143,15,4,0.93,5,2,4
"1212",1294,7,3.14,1.57,5,1,4
"1213",1373,1,1,NA,1,1,1
"1214",1489,5,2.2,0.84,3,1,2
"1215",800,26,2.88,1.21,5,1,3
"1216",1088,13,2.23,1.01,4,1,2
"1217",989,32,2.84,1.37,5,1,3
"1218",1085,11,3,1.55,5,1,3
"1219",1473,9,3.56,1.24,5,1,4
"1220",1303,18,2.33,0.91,4,1,2
"1221",1529,5,2.8,1.48,5,1,3
"1222",1175,7,3.29,2.14,5,1,5
"1223",594,5,2.4,0.89,3,1,3
"1224",18,10,2.8,1.32,5,1,3
"1225",1274,11,1.73,0.79,3,1,2
"1226",970,8,3.25,1.04,4,1,3.5
"1227",1479,8,2.75,1.16,5,1,3
"1228",541,49,2.88,1.09,5,1,3
"1229",1403,4,2.75,1.26,4,1,3
"1230",1367,5,4.2,1.3,5,2,5
"1231",388,28,2.39,0.99,5,1,2
"1232",837,25,3.92,0.91,5,2,4
"1233",1309,1,1,NA,1,1,1
"1234",1296,20,3.25,1.25,5,1,3
"1235",565,22,2.68,0.95,4,1,3
"1236",1045,25,3.24,0.93,5,2,3
"1237",1166,12,3.17,1.34,5,1,3
"1238",1427,5,2.8,1.3,5,2,2
"1239",1385,5,2.8,1.3,4,1,3
"1240",857,1,3,NA,3,3,3
"1241",822,4,3,0.82,4,2,3
"1242",862,18,2.11,1.32,5,1,1.5
"1243",1158,4,4,0.82,5,3,4
"1244",967,12,3.17,0.83,5,2,3
"1245",1087,10,1.7,1.06,4,1,1
"1246",1449,8,4.62,0.52,5,4,5
"1247",592,9,3.33,1.22,5,1,3
"1248",890,43,1.95,1.15,5,1,2
"1249",998,16,2.56,1.31,5,1,2.5
"1250",985,22,2.86,0.99,4,1,3
"1251",1231,22,2.5,0.91,4,1,2.5
"1252",885,13,2.23,1.24,5,1,2
"1253",669,13,1.62,1.04,4,1,1
"1254",1438,5,2.4,1.34,4,1,3
"1255",1068,12,3.17,0.94,4,1,3
"1256",1219,20,2.9,1.02,4,1,3
"1257",667,12,2.17,1.11,5,1,2
"1258",545,12,1.83,0.72,3,1,2
"1259",1140,17,2.29,0.99,4,1,2
"1260",726,14,2.43,1.09,4,1,2
"1261",1056,10,3.2,1.23,5,1,3.5
"1262",1524,8,4.25,0.71,5,3,4
"1263",247,5,1.8,1.79,5,1,1
"1264",1430,3,2.33,1.15,3,1,3
"1265",1236,1,3,NA,3,3,3
"1266",1361,3,2.67,1.53,4,1,3
"1267",1285,15,3.13,0.64,4,2,3
"1268",1058,15,3.27,1.16,5,1,3
"1269",1247,6,1.83,0.75,3,1,2
"1270",35,11,2.18,1.33,5,1,2
"1271",1527,7,2.43,1.27,4,1,2
"1272",916,18,3.17,1.29,5,1,3
"1273",1301,5,3.8,0.84,5,3,4
"1274",1374,2,1,0,1,1,1
"1275",1148,9,3.33,1.12,5,1,3
"1276",1388,6,3.33,1.37,5,1,3.5
"1277",1353,5,2.6,1.52,4,1,3
"1278",1125,4,4.25,0.5,5,4,4
"1279",1485,4,3.5,0.58,4,3,3.5
"1280",1530,5,2,0.71,3,1,2
"1281",803,9,2.56,0.53,3,2,3
"1282",1310,1,3,NA,3,3,3
"1283",1313,14,3.14,1.23,5,1,3.5
"1284",1405,6,3.33,1.63,5,1,3.5
"1285",459,24,3.75,1.03,5,1,4
"1286",1469,12,3.17,1.19,5,1,3
"1287",1387,3,2,1,3,1,2
"1288",1536,1,5,NA,5,5,5
"1289",1582,1,1,NA,1,1,1
"1290",1343,1,1,NA,1,1,1
"1291",1457,1,3,NA,3,3,3
"1292",1404,13,3.23,1.3,5,1,3
"1293",994,7,2.29,1.11,4,1,2
"1294",1076,12,2.25,0.62,3,1,2
"1295",1543,1,3,NA,3,3,3
"1296",1432,3,1,0,1,1,1
"1297",1271,7,2.71,0.95,4,2,2
"1298",1177,7,1.86,1.57,5,1,1
"1299",1223,4,3.5,0.58,4,3,3.5
"1300",1092,12,2.5,0.8,3,1,3
"1301",1302,5,3.4,1.67,5,1,3
"1302",599,1,1,NA,1,1,1
"1303",1443,4,3.75,1.26,5,2,4
"1304",701,10,4,0.67,5,3,4
"1305",706,6,2.67,1.03,4,1,3
"1306",914,11,2.73,1.42,5,1,2
"1307",130,23,2.26,1.29,5,1,2
"1308",1195,11,3.27,1.49,5,1,3
"1309",1417,2,2.5,0.71,3,2,2.5
"1310",1357,3,2.67,2.08,5,1,2
"1311",1273,15,2.73,0.96,5,2,2
"1312",1578,2,2,1.41,3,1,2
"1313",1396,5,4.2,0.45,5,4,4
"1314",1398,2,4.5,0.71,5,4,4.5
"1315",75,5,3,1.41,4,1,4
"1316",534,13,3.31,1.18,5,1,3
"1317",1458,1,4,NA,4,4,4
"1318",1379,7,2.86,0.9,4,1,3
"1319",1279,9,2.89,0.93,4,1,3
"1320",1330,4,2.5,1,3,1,3
"1321",1439,8,3,1.2,5,1,3
"1322",1338,4,2.25,1.5,4,1,2
"1323",1354,2,1,0,1,1,1
"1324",1554,2,3,1.41,4,2,3
"1325",1193,10,3.8,1.14,5,1,4
"1326",1561,1,1,NA,1,1,1
"1327",804,8,2.88,0.99,4,1,3
"1328",668,6,2.17,1.47,4,1,1.5
"1329",1075,7,3.43,0.98,5,2,3
"1330",442,4,1.25,0.5,2,1,1
"1331",1533,1,4,NA,4,4,4
"1332",1434,10,2.5,1.51,5,1,2.5
"1333",1565,1,1,NA,1,1,1
"1334",1176,22,3.36,1.36,5,1,4
"1335",1456,7,3.71,0.49,4,3,4
"1336",1307,2,1.5,0.71,2,1,1.5
"1337",1534,6,2.17,1.47,4,1,1.5
"1338",1531,7,3.29,1.11,4,1,4
"1339",400,18,2.72,1.27,5,1,3
"1340",1421,11,3.18,1.17,5,1,3
"1341",1369,4,2.75,1.26,4,1,3
"1342",1455,2,2.5,0.71,3,2,2.5
"1343",1256,7,1.86,0.9,3,1,2
"1344",1555,5,2.6,1.14,4,1,3
"1345",730,24,3.5,0.98,5,1,3
"1346",1454,6,3,0.63,4,2,3
"1347",1441,7,2.57,0.79,3,1,3
"1348",1103,19,3.79,0.98,5,2,4
"1349",1477,3,3,1,4,2,3
"1350",1521,4,3,0,3,3,3
"1351",1174,8,3.25,1.28,5,1,3
"1352",1538,3,3,0,3,3,3
"1353",1344,5,3.2,1.48,5,1,3
"1354",798,9,2.22,1.09,4,1,2
"1355",1392,5,2,1.41,4,1,1
"1356",1517,5,2.8,1.3,4,1,3
"1357",1377,4,3.25,1.71,5,1,3.5
"1358",817,3,2.67,1.53,4,1,3
"1359",1563,1,1,NA,1,1,1
"1360",1264,7,3.29,0.76,4,2,3
"1361",1470,5,2.6,1.52,5,1,2
"1362",1418,3,3.67,0.58,4,3,4
"1363",1156,1,3,NA,3,3,3
"1364",1406,5,3.4,0.55,4,3,3
"1365",1360,2,1.5,0.71,2,1,1.5
"1366",935,7,3.29,0.95,5,2,3
"1367",1275,4,2.5,1.91,5,1,2
"1368",891,6,2.67,1.37,5,1,2.5
"1369",1121,21,3.76,1.04,5,2,4
"1370",1252,9,3,1.32,5,1,3
"1371",1505,1,4,NA,4,4,4
"1372",1317,4,2,1.41,4,1,1.5
"1373",1519,2,3,1.41,4,2,3
"1374",1029,14,2,1.3,5,1,1.5
"1375",912,9,3,0.71,4,2,3
"1376",1200,7,3.29,1.11,4,1,4
"1377",1305,7,2.43,1.13,4,1,3
"1378",1400,10,3.1,1.1,5,1,3
"1379",852,1,1,NA,1,1,1
"1380",1375,10,3.6,1.26,5,1,3.5
"1381",1501,5,3,1.22,4,1,3
"1382",1435,7,2.57,0.98,4,1,3
"1383",1395,9,2.67,1.5,5,1,3
"1384",1557,1,1,NA,1,1,1
"1385",1333,5,2.8,1.1,4,1,3
"1386",1591,6,3.17,1.83,5,1,3.5
"1387",1562,1,1,NA,1,1,1
"1388",1269,10,3.9,1.1,5,2,4
"1389",909,13,3.77,1.24,5,1,4
"1390",1450,2,4,1.41,5,3,4
"1391",1550,2,3,0,3,3,3
"1392",1154,12,3.33,1.5,5,1,3
"1393",1237,6,3.5,0.84,5,3,3
"1394",1261,4,3.25,1.5,4,1,4
"1395",1586,1,1,NA,1,1,1
"1396",1038,17,2.82,1.38,5,1,3
"1397",1504,3,3.67,0.58,4,3,4
"1398",1214,9,2,1,4,1,2
"1399",1522,7,2.43,0.79,3,1,3
"1400",1238,8,3.12,1.13,5,2,3
"1401",1064,4,4.25,0.5,5,4,4
"1402",757,4,2.75,1.26,4,1,3
"1403",1476,1,2,NA,2,2,2
"1404",1545,4,2.5,1,4,2,2
"1405",1537,4,4,0.82,5,3,4
"1406",1391,3,2,1.73,4,1,1
"1407",296,6,3.33,0.82,4,2,3.5
"1408",1472,2,3.5,2.12,5,2,3.5
"1409",1580,1,1,NA,1,1,1
"1410",1331,4,3,1.41,4,1,3.5
"1411",1363,1,1,NA,1,1,1
"1412",1280,16,2.69,1.45,5,1,3
"1413",1138,5,3.4,1.34,5,2,4
"1414",1308,2,1,0,1,1,1
"1415",1339,1,1,NA,1,1,1
"1416",1523,2,3,1.41,4,2,3
"1417",1080,2,4,0,4,4,4
"1418",1096,3,2.67,0.58,3,2,3
"1419",1512,6,4,1.67,5,1,5
"1420",1287,6,1.33,0.52,2,1,1
"1421",1483,12,3.42,1.08,5,1,4
"1422",1566,1,1,NA,1,1,1
"1423",1031,7,2.29,1.38,5,1,2
"1424",917,7,3.43,0.79,4,2,4
"1425",920,5,2.2,1.3,4,1,2
"1426",1589,4,3,1.63,5,1,3
"1427",1293,3,5,0,5,5,5
"1428",1349,1,1,NA,1,1,1
"1429",1422,4,2.25,0.96,3,1,2.5
"1430",1389,3,3,2,5,1,3
"1431",1290,2,1.5,0.71,2,1,1.5
"1432",1447,1,3,NA,3,3,3
"1433",1111,7,3.43,1.27,5,1,4
"1434",1513,3,2,0,2,2,2
"1435",1235,1,4,NA,4,4,4
"1436",1412,6,1.67,0.82,3,1,1.5
"1437",1185,18,2.28,1.13,4,1,2
"1438",1337,9,2.33,1,3,1,3
"1439",1592,5,3.6,1.67,5,1,4
"1440",1399,7,2.43,0.98,4,1,2
"1441",1547,2,3,1.41,4,2,3
"1442",1420,3,1.33,0.58,2,1,1
"1443",1173,7,2.57,1.13,4,1,2
"1444",1159,11,3.55,1.44,5,1,4
"1445",1506,3,3.67,0.58,4,3,4
"1446",1468,6,3.33,1.37,5,1,3.5
"1447",1355,6,2.67,1.86,5,1,2.5
"1448",1437,9,2,0.71,3,1,2
"1449",1304,2,2.5,2.12,4,1,2.5
"1450",1359,2,1,0,1,1,1
"1451",1204,18,3.61,0.92,5,2,4
"1452",1426,8,3.25,1.28,5,2,3
"1453",1588,2,2,1.41,3,1,2
"1454",1590,2,2,1.41,3,1,2
"1455",1608,4,2.25,0.5,3,2,2
"1456",1026,4,2.5,1.91,5,1,2
"1457",1311,16,2.5,1.26,5,1,3
"1458",957,2,2,1.41,3,1,2
"1459",1326,6,3.33,1.21,4,1,4
"1460",1587,1,1,NA,1,1,1
"1461",1496,5,2.8,1.3,4,1,3
"1462",981,8,1.75,0.89,3,1,1.5
"1463",899,9,3.44,1.42,5,1,3
"1464",1560,4,2.75,1.5,4,1,3
"1465",677,1,3,NA,3,3,3
"1466",1571,1,1,NA,1,1,1
"1467",1549,2,1.5,0.71,2,1,1.5
"1468",1402,4,2.75,1.5,4,1,3
"1469",1598,6,2.5,1.52,5,1,2.5
"1470",1514,7,3.14,1.21,5,2,3
"1471",1558,7,3.57,1.9,5,1,5
"1472",1415,9,2.44,1.13,4,1,2
"1473",1528,3,2.33,0.58,3,2,2
"1474",1575,1,1,NA,1,1,1
"1475",1510,1,3,NA,3,3,3
"1476",438,6,1.17,0.41,2,1,1
"1477",1597,5,3,1.41,5,1,3
"1478",1579,1,1,NA,1,1,1
"1479",600,2,3,1.41,4,2,3
"1480",1499,4,3.25,1.71,5,1,3.5
"1481",446,9,2.44,1.13,4,1,2
"1482",1205,6,3,1.26,5,1,3
"1483",1191,3,4.33,1.15,5,3,5
"1484",1445,4,2.75,1.26,4,1,3
"1485",1603,1,3,NA,3,3,3
"1486",1616,1,4,NA,4,4,4
"1487",1465,3,2.33,0.58,3,2,2
"1488",1146,3,2,1,3,1,2
"1489",1539,4,1.75,0.5,2,1,2
"1490",1255,8,2.25,1.04,4,1,2
"1491",1526,1,4,NA,4,4,4
"1492",1585,2,2.5,2.12,4,1,2.5
"1493",1596,1,2,NA,2,2,2
"1494",1605,4,3,1.41,5,2,2.5
"1495",1453,1,2,NA,2,2,2
"1496",1488,4,3,1.41,4,1,3.5
"1497",1516,3,4,1,5,3,4
"1498",1461,1,2,NA,2,2,2
"1499",973,4,3.5,1.29,5,2,3.5
"1500",1553,4,2.75,1.26,4,1,3
"1501",1559,1,1,NA,1,1,1
"1502",1431,5,3.4,1.52,5,1,4
"1503",851,4,3.75,1.89,5,1,4.5
"1504",666,5,2.4,1.14,4,1,2
"1505",1532,2,2,0,2,2,2
"1506",1507,1,3,NA,3,3,3
"1507",1540,10,2.8,1.23,5,1,2.5
"1508",1593,1,4,NA,4,4,4
"1509",1243,7,3.71,0.76,5,3,4
"1510",1623,3,4,0,4,4,4
"1511",1576,1,1,NA,1,1,1
"1512",1511,5,3.2,0.84,4,2,3
"1513",1525,1,4,NA,4,4,4
"1514",1569,1,1,NA,1,1,1
"1515",1568,1,1,NA,1,1,1
"1516",1408,3,1,0,1,1,1
"1517",1602,3,3.33,0.58,4,3,3
"1518",1381,8,3.25,0.89,5,2,3
"1519",1340,1,1,NA,1,1,1
"1520",1055,10,3.2,0.79,4,2,3
"1521",1440,5,3,0.71,4,2,3
"1522",1358,2,3,2.83,5,1,3
"1523",1502,2,1.5,0.71,2,1,1.5
"1524",1171,14,3.14,1.03,5,1,3
"1525",1619,1,3,NA,3,3,3
"1526",1319,4,1.75,0.96,3,1,1.5
"1527",1601,1,1,NA,1,1,1
"1528",1620,9,3.22,1.2,5,1,3
"1529",1474,6,2.83,1.17,4,1,3
"1530",1145,9,2.67,0.71,4,2,3
"1531",1155,3,3.33,1.53,5,2,3
"1532",799,5,3.2,1.3,4,1,4
"1533",1535,4,3,1.41,4,1,3.5
"1534",1615,10,3,1.05,4,1,3
"1535",1583,1,1,NA,1,1,1
"1536",1475,8,2.88,1.25,5,1,3
"1537",1624,1,2,NA,2,2,2
"1538",1234,9,2.22,1.56,5,1,1
"1539",1323,3,2.67,1.53,4,1,3
"1540",1541,2,3.5,0.71,4,3,3.5
"1541",1609,3,1.67,1.15,3,1,1
"1542",1651,1,4,NA,4,4,4
"1543",1414,1,2,NA,2,2,2
"1544",1486,1,1,NA,1,1,1
"1545",1552,3,2,1,3,1,2
"1546",1614,1,3,NA,3,3,3
"1547",1570,1,1,NA,1,1,1
"1548",1335,11,2.64,1.12,4,1,3
"1549",1251,8,4.12,0.83,5,3,4
"1550",1233,6,3.5,1.52,5,1,3.5
"1551",1612,4,3.75,1.89,5,1,4.5
"1552",1599,1,5,NA,5,5,5
"1553",1345,2,2,1.41,3,1,2
"1554",1649,1,3,NA,3,3,3
"1555",1656,2,3.5,2.12,5,2,3.5
"1556",1321,2,2.5,2.12,4,1,2.5
"1557",1380,6,2.33,1.03,4,1,2
"1558",1491,2,3,2.83,5,1,3
"1559",1610,3,2,1,3,1,2
"1560",1642,2,4.5,0.71,5,4,4.5
"1561",1572,1,1,NA,1,1,1
"1562",1629,2,4,1.41,5,3,4
"1563",1481,2,3,1.41,4,2,3
"1564",1628,4,3.75,1.5,5,2,4
"1565",1144,3,3.67,1.15,5,3,3
"1566",1490,3,3,1,4,2,3
"1567",1600,4,3.75,0.96,5,3,3.5
"1568",1653,1,5,NA,5,5,5
"1569",1452,1,4,NA,4,4,4
"1570",1644,2,1.5,0.71,2,1,1.5
"1571",1595,1,2,NA,2,2,2
"1572",1410,4,2.75,1.71,5,1,2.5
"1573",1548,1,1,NA,1,1,1
"1574",1655,1,2,NA,2,2,2
"1575",1027,3,2.67,1.53,4,1,3
"1576",1482,1,4,NA,4,4,4
"1577",1657,1,3,NA,3,3,3
"1578",1639,3,4.33,0.58,5,4,4
"1579",1645,2,4,0,4,4,4
"1580",1196,3,3,1,4,2,3
"1581",1660,1,2,NA,2,2,2
"1582",1509,5,1.6,0.89,3,1,1
"1583",897,2,1.5,0.71,2,1,1.5
"1584",1365,2,1.5,0.71,2,1,1.5
"1585",1661,1,1,NA,1,1,1
"1586",1423,4,2.25,0.96,3,1,2.5
"1587",1515,1,4,NA,4,4,4
"1588",1621,1,1,NA,1,1,1
"1589",1662,2,2.5,2.12,4,1,2.5
"1590",1646,2,3.5,0.71,4,3,3.5
"1591",1632,1,3,NA,3,3,3
"1592",1618,1,1,NA,1,1,1
"1593",1647,1,3,NA,3,3,3
"1594",1429,5,2.6,1.82,5,1,2
"1595",1643,4,3.75,1.5,5,2,4
"1596",987,4,2.5,1,3,1,3
"1597",1581,1,1,NA,1,1,1
"1598",1584,1,1,NA,1,1,1
"1599",1669,1,2,NA,2,2,2
"1600",1664,4,3.25,1.5,4,1,4
"1601",1613,1,4,NA,4,4,4
"1602",911,4,2.5,0.58,3,2,2.5
"1603",1130,1,4,NA,4,4,4
"1604",1663,1,2,NA,2,2,2
"1605",1652,3,1.67,1.15,3,1,1
"1606",1467,2,5,0,5,5,5
"1607",1634,1,2,NA,2,2,2
"1608",1544,3,2.67,1.53,4,1,3
"1609",1622,3,2.33,1.53,4,1,2
"1610",1329,1,1,NA,1,1,1
"1611",1494,1,1,NA,1,1,1
"1612",1672,2,2,0,2,2,2
"1613",1673,1,3,NA,3,3,3
"1614",1382,4,2,1.15,3,1,2
"1615",1633,1,3,NA,3,3,3
"1616",1677,1,3,NA,3,3,3
"1617",1679,1,3,NA,3,3,3
"1618",1577,1,1,NA,1,1,1
"1619",1666,1,2,NA,2,2,2
"1620",1356,3,2.67,1.53,4,1,3
"1621",1635,1,3,NA,3,3,3
"1622",1433,2,2,1.41,3,1,2
"1623",1648,1,2,NA,2,2,2
"1624",1573,2,2.5,2.12,4,1,2.5
"1625",1551,2,2,1.41,3,1,2
"1626",1631,2,3.5,0.71,4,3,3.5
"1627",1542,2,3,1.41,4,2,3
"1628",1556,2,2,1.41,3,1,2
"1629",1678,1,1,NA,1,1,1
"1630",1567,1,1,NA,1,1,1
"1631",1122,1,5,NA,5,5,5
"1632",1201,1,5,NA,5,5,5
"1633",1546,1,1,NA,1,1,1
"1634",1627,1,3,NA,3,3,3
"1635",1676,1,2,NA,2,2,2
"1636",1366,1,1,NA,1,1,1
"1637",1611,2,3,0,3,3,3
"1638",1668,1,3,NA,3,3,3
"1639",1564,1,1,NA,1,1,1
"1640",1604,1,4,NA,4,4,4
"1641",1574,1,1,NA,1,1,1
"1642",1448,3,3.67,1.15,5,3,3
"1643",1671,1,1,NA,1,1,1
"1644",1665,1,2,NA,2,2,2
"1645",1325,1,1,NA,1,1,1
"1646",1670,1,3,NA,3,3,3
"1647",1341,1,1,NA,1,1,1
"1648",1352,1,1,NA,1,1,1
"1649",1636,1,4,NA,4,4,4
"1650",1681,1,3,NA,3,3,3
"1651",1638,1,3,NA,3,3,3
"1652",1667,1,3,NA,3,3,3
"1653",1675,1,3,NA,3,3,3
"1654",1460,1,3,NA,3,3,3
"1655",1594,2,4.5,0.71,5,4,4.5
"1656",1626,1,1,NA,1,1,1
"1657",1659,1,1,NA,1,1,1
"1658",1682,1,3,NA,3,3,3
"1659",1674,1,4,NA,4,4,4
"1660",1640,1,3,NA,3,3,3
"1661",1637,1,3,NA,3,3,3
"1662",1630,1,3,NA,3,3,3
"1663",1641,1,3,NA,3,3,3
